NO;HARGA;LB;LT;KT;KM;GRS
1; 3,800,000,000 ;220;220;3;3;TIDAK ADA
2; 4,600,000,000 ;180;137;4;3;ADA
3; 3,000,000,000 ;267;250;4;4;ADA
4; 430,000,000 ;40;25;2;2;TIDAK ADA
5; 9,000,000,000 ;400;355;6;5;ADA
6; 4,970,000,000 ;300;154;5;3;ADA
7; 2,600,000,000 ;120;150;3;2;ADA
8; 10,500,000,000 ;350;247;4;4;TIDAK ADA
9; 3,250,000,000 ;125;90;3;3;TIDAK ADA
10; 4,500,000,000 ;250;96;5;4;ADA
11; 3,600,000,000 ;154;110;3;3;ADA
12; 9,500,000,000 ;450;240;4;4;ADA
13; 10,500,000,000 ;218;118;3;3;ADA
14; 12,500,000,000 ;200;979;4;2;ADA
15; 4,600,000,000 ;180;137;5;4;ADA
16; 3,000,000,000 ;126;144;4;2;ADA
17; 6,000,000,000 ;400;150;5;4;ADA
18; 7,500,000,000 ;150;253;5;2;ADA
19; 18,000,000,000 ;200;251;5;3;ADA
20; 9,700,000,000 ;450;248;5;5;ADA
21; 14,000,000,000 ;300;700;8;5;ADA
22; 8,000,000,000 ;315;218;7;3;ADA
23; 700,000,000 ;75;75;2;3;TIDAK ADA
24; 5,500,000,000 ;350;230;5;5;ADA
25; 11,000,000,000 ;650;695;9;6;ADA
26; 4,000,000,000 ;250;199;8;2;ADA
27; 3,900,000,000 ;210;130;3;4;ADA
28; 6,500,000,000 ;300;200;5;5;ADA
29; 5,800,000,000 ;175;200;6;4;ADA
30; 3,200,000,000 ;140;110;3;3;ADA
31; 8,800,000,000 ;400;230;5;5;ADA
32; 42,000,000,000 ;900;600;7;7;ADA
33; 1,100,000,000 ;102;102;2;1;TIDAK ADA
34; 10,900,000,000 ;646;428;5;5;ADA
35; 3,600,000,000 ;145;200;8;8;ADA
36; 4,000,000,000 ;220;120;4;4;ADA
37; 6,000,000,000 ;325;222;6;5;TIDAK ADA
38; 6,500,000,000 ;300;200;5;5;ADA
39; 4,500,000,000 ;250;154;6;3;ADA
40; 4,500,000,000 ;247;105;5;5;ADA
41; 4,000,000,000 ;200;140;4;4;ADA
42; 2,600,000,000 ;150;90;3;2;ADA
43; 5,500,000,000 ;210;239;8;5;ADA
44; 15,000,000,000 ;339;643;7;5;ADA
45; 3,500,000,000 ;190;100;5;4;ADA
46; 6,000,000,000 ;450;240;9;9;TIDAK ADA
47; 8,000,000,000 ;300;232;6;5;TIDAK ADA
48; 9,500,000,000 ;352;305;4;3;TIDAK ADA
49; 4,300,000,000 ;135;146;6;6;ADA
50; 3,800,000,000 ;200;135;3;4;TIDAK ADA
51; 41,000,000,000 ;850;600;7;7;TIDAK ADA
52; 4,000,000,000 ;190;175;4;2;ADA
53; 2,500,000,000 ;120;90;4;1;ADA
54; 4,750,000,000 ;180;196;5;5;ADA
55; 23,000,000,000 ;750;610;8;6;ADA
56; 4,400,000,000 ;250;96;6;5;ADA
57; 4,500,000,000 ;220;140;5;4;ADA
58; 5,000,000,000 ;250;180;5;3;ADA
59; 13,000,000,000 ;200;393;5;3;ADA
60; 4,150,000,000 ;216;135;5;4;ADA
61; 3,800,000,000 ;260;130;6;3;ADA
62; 18,000,000,000 ;300;410;5;3;TIDAK ADA
63; 8,100,000,000 ;245;240;3;3;ADA
64; 5,250,000,000 ;147;108;4;3;ADA
65; 4,500,000,000 ;120;145;6;4;ADA
66; 6,200,000,000 ;170;200;8;5;ADA
67; 6,500,000,000 ;250;200;6;3;ADA
68; 3,500,000,000 ;170;112;4;5;ADA
69; 3,199,000,000 ;150;149;3;2;TIDAK ADA
70; 3,200,000,000 ;150;130;3;2;ADA
71; 3,799,000,000 ;200;130;3;3;ADA
72; 6,000,000,000 ;250;198;7;4;ADA
73; 9,790,000,000 ;403;393;5;3;ADA
74; 5,500,000,000 ;170;270;6;3;ADA
75; 3,350,000,000 ;120;135;4;3;ADA
76; 750,000,000 ;78;80;3;2;TIDAK ADA
77; 3,500,000,000 ;250;165;6;4;ADA
78; 4,700,000,000 ;180;137;4;3;ADA
79; 3,500,000,000 ;170;112;3;4;ADA
80; 2,850,000,000 ;160;90;4;2;ADA
81; 3,500,000,000 ;160;110;3;3;ADA
82; 3,100,000,000 ;120;137;5;2;TIDAK ADA
83; 13,000,000,000 ;196;245;7;3;ADA
84; 4,300,000,000 ;170;112;4;5;ADA
85; 5,500,000,000 ;180;140;3;4;TIDAK ADA
86; 6,750,000,000 ;350;210;4;4;ADA
87; 3,200,000,000 ;200;104;4;3;ADA
88; 8,250,000,000 ;460;282;6;5;ADA
89; 3,250,000,000 ;150;130;5;2;ADA
90; 3,499,000,000 ;110;150;3;2;TIDAK ADA
91; 5,000,000,000 ;330;335;8;4;ADA
92; 9,500,000,000 ;445;247;6;5;ADA
93; 3,400,000,000 ;140;104;4;3;ADA
94; 5,000,000,000 ;325;160;9;6;ADA
95; 5,600,000,000 ;250;225;5;3;ADA
96; 4,500,000,000 ;180;135;4;3;ADA
97; 10,800,000,000 ;500;400;6;5;ADA
98; 2,600,000,000 ;210;91;5;4;ADA
99; 3,600,000,000 ;180;127;4;4;ADA
100; 3,450,000,000 ;170;112;3;4;ADA
101; 7,400,000,000 ;200;257;4;3;ADA
102; 10,000,000,000 ;400;282;8;4;ADA
103; 15,000,000,000 ;800;1225;6;9;ADA
104; 30,000,000,000 ;800;752;6;4;TIDAK ADA
105; 3,500,000,000 ;170;108;5;3;ADA
106; 1,700,000,000 ;100;80;3;2;TIDAK ADA
107; 3,500,000,000 ;250;141;5;3;ADA
108; 1,300,000,000 ;100;90;3;2;TIDAK ADA
109; 2,800,000,000 ;160;90;5;3;ADA
110; 5,000,000,000 ;325;160;5;5;TIDAK ADA
111; 3,200,000,000 ;150;80;5;3;ADA
112; 11,000,000,000 ;275;305;5;3;ADA
113; 5,000,000,000 ;320;150;5;5;ADA
114; 2,200,000,000 ;70;98;2;1;TIDAK ADA
115; 5,600,000,000 ;156;192;5;2;ADA
116; 3,800,000,000 ;211;180;5;4;ADA
117; 4,000,000,000 ;200;146;3;1;ADA
118; 15,000,000,000 ;800;692;5;4;ADA
119; 3,850,000,000 ;200;130;4;4;ADA
120; 4,200,000,000 ;160;140;4;3;ADA
121; 5,990,000,000 ;350;210;5;4;ADA
122; 4,000,000,000 ;180;152;4;3;ADA
123; 42,000,000,000 ;850;600;5;5;ADA
124; 9,500,000,000 ;340;240;4;3;ADA
125; 4,000,000,000 ;190;140;4;4;ADA
126; 4,000,000,000 ;139;230;4;4;ADA
127; 7,000,000,000 ;400;282;8;4;ADA
128; 4,525,000,000 ;100;161;4;2;ADA
129; 25,000,000,000 ;485;550;5;6;ADA
130; 19,900,000,000 ;346;450;5;5;ADA
131; 15,000,000,000 ;400;578;6;3;ADA
132; 3,600,000,000 ;170;146;3;3;ADA
133; 3,950,000,000 ;200;148;4;3;ADA
134; 3,900,000,000 ;200;130;3;2;ADA
135; 3,850,000,000 ;236;137;4;3;ADA
136; 9,200,000,000 ;450;695;8;6;ADA
137; 5,950,000,000 ;220;200;3;3;ADA
138; 7,500,000,000 ;500;280;4;4;ADA
139; 3,100,000,000 ;200;103;3;3;ADA
140; 7,000,000,000 ;400;182;4;3;ADA
141; 25,000,000,000 ;550;840;5;3;ADA
142; 11,000,000,000 ;280;344;3;3;ADA
143; 4,350,000,000 ;180;132;4;3;ADA
144; 25,000,000,000 ;355;1069;5;4;ADA
145; 4,300,000,000 ;250;155;5;3;ADA
146; 8,800,000,000 ;400;230;6;6;ADA
147; 13,000,000,000 ;216;384;3;3;ADA
148; 4,700,000,000 ;250;150;4;3;ADA
149; 7,200,000,000 ;250;161;3;3;ADA
150; 3,500,000,000 ;192;120;5;4;ADA
151; 7,900,000,000 ;380;225;5;3;ADA
152; 2,800,000,000 ;150;103;3;3;ADA
153; 2,600,000,000 ;130;75;3;3;ADA
154; 5,900,000,000 ;250;202;5;4;ADA
155; 850,000,000 ;78;69;4;2;TIDAK ADA
156; 3,600,000,000 ;250;180;4;2;TIDAK ADA
157; 6,850,000,000 ;219;338;5;3;ADA
158; 4,500,000,000 ;325;226;6;4;ADA
159; 2,600,000,000 ;120;150;3;2;ADA
160; 5,750,000,000 ;350;240;7;5;TIDAK ADA
161; 2,999,000,000 ;140;140;5;3;ADA
162; 5,000,000,000 ;180;127;5;4;ADA
163; 4,000,000,000 ;200;135;7;4;ADA
164; 3,500,000,000 ;150;112;4;4;ADA
165; 6,100,000,000 ;375;130;5;4;ADA
166; 30,000,000,000 ;800;498;5;5;ADA
167; 6,500,000,000 ;250;181;8;4;ADA
168; 3,750,000,000 ;150;112;3;5;ADA
169; 6,300,000,000 ;200;133;4;3;ADA
170; 15,000,000,000 ;480;387;4;4;ADA
171; 2,650,000,000 ;125;90;3;4;ADA
172; 18,500,000,000 ;800;360;5;7;ADA
173; 14,500,000,000 ;500;307;3;4;ADA
174; 8,750,000,000 ;350;202;4;5;ADA
175; 5,800,000,000 ;200;138;5;4;ADA
176; 15,000,000,000 ;250;310;4;5;ADA
177; 15,000,000,000 ;400;580;5;4;ADA
178; 2,300,000,000 ;100;90;2;2;ADA
179; 3,950,000,000 ;200;166;4;4;ADA
180; 2,750,000,000 ;120;135;3;2;ADA
181; 3,250,000,000 ;251;146;8;8;ADA
182; 2,590,000,000 ;170;76;3;3;ADA
183; 4,500,000,000 ;140;140;5;4;ADA
184; 4,500,000,000 ;200;148;5;4;ADA
185; 7,150,000,000 ;250;162;5;3;ADA
186; 10,500,000,000 ;200;189;5;2;TIDAK ADA
187; 6,500,000,000 ;245;125;4;3;ADA
188; 6,750,000,000 ;350;210;4;4;ADA
189; 9,500,000,000 ;280;304;5;5;TIDAK ADA
190; 23,000,000,000 ;480;600;10;4;ADA
191; 6,500,000,000 ;200;222;6;2;ADA
192; 3,600,000,000 ;170;146;4;3;ADA
193; 8,800,000,000 ;400;230;6;6;ADA
194; 1,900,000,000 ;135;135;3;3;ADA
195; 29,000,000,000 ;980;672;5;6;ADA
196; 2,550,000,000 ;150;90;4;4;ADA
197; 3,300,000,000 ;120;90;5;4;ADA
198; 3,100,000,000 ;200;90;3;3;ADA
199; 5,950,000,000 ;220;200;5;4;ADA
200; 6,100,000,000 ;250;204;5;3;ADA
201; 3,200,000,000 ;150;87;4;3;ADA
202; 2,500,000,000 ;140;78;4;3;ADA
203; 12,500,000,000 ;600;208;4;5;ADA
204; 8,000,000,000 ;152;230;3;3;ADA
205; 690,000,000 ;90;50;3;1;TIDAK ADA
206; 15,000,000,000 ;500;501;6;3;TIDAK ADA
207; 9,000,000,000 ;200;230;6;3;ADA
208; 4,000,000,000 ;180;155;4;3;ADA
209; 3,750,000,000 ;200;135;5;3;ADA
210; 22,000,000,000 ;1080;619;7;6;ADA
211; 2,100,000,000 ;160;120;6;3;ADA
212; 8,700,000,000 ;160;261;4;4;ADA
213; 2,900,000,000 ;175;135;4;2;TIDAK ADA
214; 3,500,000,000 ;235;140;5;4;ADA
215; 5,500,000,000 ;170;270;6;3;ADA
216; 3,500,000,000 ;120;86;5;4;ADA
217; 2,500,000,000 ;200;100;3;3;ADA
218; 3,600,000,000 ;170;146;4;3;ADA
219; 2,400,000,000 ;147;154;3;2;ADA
220; 38,000,000,000 ;500;720;6;6;ADA
221; 4,900,000,000 ;179;158;4;4;ADA
222; 3,250,000,000 ;250;145;8;8;ADA
223; 10,000,000,000 ;600;306;6;5;ADA
224; 12,500,000,000 ;250;189;6;4;ADA
225; 5,500,000,000 ;200;150;5;3;ADA
226; 6,000,000,000 ;150;159;5;4;ADA
227; 16,000,000,000 ;300;405;6;4;TIDAK ADA
228; 5,000,000,000 ;200;130;5;4;ADA
229; 6,000,000,000 ;340;173;5;4;ADA
230; 5,600,000,000 ;156;192;6;2;ADA
231; 3,750,000,000 ;300;180;5;3;ADA
232; 5,600,000,000 ;250;225;5;3;ADA
233; 3,200,000,000 ;150;80;5;3;ADA
234; 2,500,000,000 ;140;77;3;3;ADA
235; 9,900,000,000 ;200;340;4;4;ADA
236; 3,800,000,000 ;200;130;3;3;ADA
237; 9,500,000,000 ;300;368;4;3;ADA
238; 10,000,000,000 ;350;273;4;3;ADA
239; 12,500,000,000 ;465;350;6;6;ADA
240; 2,700,000,000 ;135;150;4;2;ADA
241; 9,800,000,000 ;400;248;5;5;ADA
242; 11,500,000,000 ;400;300;9;6;ADA
243; 2,600,000,000 ;120;142;4;2;ADA
244; 3,100,000,000 ;120;86;5;4;ADA
245; 4,650,000,000 ;320;135;6;5;ADA
246; 8,750,000,000 ;250;200;4;4;ADA
247; 7,200,000,000 ;250;161;3;3;ADA
248; 8,000,000,000 ;250;300;3;3;ADA
249; 750,000,000 ;80;78;3;1;TIDAK ADA
250; 5,000,000,000 ;250;335;7;5;ADA
251; 8,500,000,000 ;260;256;5;5;ADA
252; 28,000,000,000 ;1000;775;5;3;ADA
253; 9,500,000,000 ;400;345;5;3;ADA
254; 3,800,000,000 ;200;140;4;3;ADA
255; 2,650,000,000 ;125;90;3;3;ADA
256; 12,000,000,000 ;230;244;5;4;ADA
257; 3,300,000,000 ;170;154;5;3;ADA
258; 3,900,000,000 ;260;146;3;1;ADA
259; 7,800,000,000 ;200;253;4;3;ADA
260; 4,700,000,000 ;200;150;4;4;ADA
261; 7,500,000,000 ;444;200;10;10;ADA
262; 16,000,000,000 ;400;400;5;4;ADA
263; 2,600,000,000 ;120;142;3;2;ADA
264; 13,000,000,000 ;250;322;4;3;ADA
265; 4,500,000,000 ;250;96;4;5;ADA
266; 3,850,000,000 ;200;186;3;2;ADA
267; 1,900,000,000 ;125;133;3;3;ADA
268; 15,000,000,000 ;500;384;4;3;ADA
269; 8,000,000,000 ;168;221;5;3;ADA
270; 15,000,000,000 ;480;378;5;4;ADA
271; 2,700,000,000 ;125;90;3;3;ADA
272; 18,000,000,000 ;800;361;5;4;ADA
273; 6,500,000,000 ;300;248;5;4;TIDAK ADA
274; 4,500,000,000 ;250;96;5;4;ADA
275; 6,500,000,000 ;200;222;4;2;ADA
276; 4,000,000,000 ;200;146;3;1;ADA
277; 4,000,000,000 ;150;120;4;3;ADA
278; 4,000,000,000 ;250;135;4;5;ADA
279; 2,700,000,000 ;210;91;5;3;TIDAK ADA
280; 9,000,000,000 ;470;353;9;6;ADA
281; 7,500,000,000 ;200;288;4;2;ADA
282; 5,500,000,000 ;200;454;3;4;ADA
283; 23,000,000,000 ;350;565;5;3;ADA
284; 65,000,000,000 ;300;200;5;7;ADA
285; 8,250,000,000 ;400;230;6;4;ADA
286; 8,500,000,000 ;300;205;4;4;ADA
287; 10,750,000,000 ;200;189;5;4;ADA
288; 2,458,000,000 ;165;135;4;3;ADA
289; 3,500,000,000 ;125;153;3;2;ADA
290; 30,000,000,000 ;815;312;10;7;ADA
291; 5,500,000,000 ;280;216;4;3;ADA
292; 10,000,000,000 ;300;368;4;4;ADA
293; 25,900,000,000 ;600;1039;7;5;ADA
294; 2,999,000,000 ;102;102;3;3;ADA
295; 5,899,000,000 ;350;130;6;6;ADA
296; 3,245,000,000 ;120;152;4;4;ADA
297; 5,750,000,128 ;320;183;6;3;ADA
298; 6,500,000,000 ;300;213;5;4;ADA
299; 6,500,000,000 ;220;181;8;6;ADA
300; 4,800,000,000 ;250;170;4;4;ADA
301; 16,000,000,000 ;500;420;4;4;ADA
302; 13,000,000,000 ;380;312;4;3;ADA
303; 7,000,000,000 ;180;283;4;3;ADA
304; 2,800,000,000 ;250;90;4;3;ADA
305; 1,850,000,000 ;80;90;3;2;TIDAK ADA
306; 20,999,999,488 ;613;613;9;4;ADA
307; 4,300,000,000 ;117;205;4;3;ADA
308; 4,300,000,000 ;200;145;3;3;ADA
309; 5,500,000,000 ;300;266;6;4;ADA
310; 9,000,000,000 ;470;353;9;6;ADA
311; 3,500,000,000 ;190;100;5;4;ADA
312; 12,999,000,000 ;400;429;9;5;ADA
313; 2,300,000,000 ;160;135;4;3;ADA
314; 7,100,000,000 ;200;256;5;3;ADA
315; 7,000,000,000 ;350;180;3;3;TIDAK ADA
316; 1,500,000,000 ;200;170;7;2;TIDAK ADA
317; 1,500,000,000 ;100;80;4;2;TIDAK ADA
318; 3,500,000,000 ;150;135;4;2;TIDAK ADA
319; 4,000,000,000 ;150;100;3;3;ADA
320; 4,000,000,000 ;144;126;4;2;ADA
321; 3,750,000,000 ;150;135;3;2;ADA
322; 4,000,000,000 ;150;140;4;2;ADA
323; 6,000,000,000 ;450;260;7;4;ADA
324; 2,550,000,000 ;150;90;4;4;ADA
325; 23,000,000,000 ;350;565;5;3;ADA
326; 9,200,000,000 ;650;695;9;6;ADA
327; 7,500,000,000 ;180;253;3;2;ADA
328; 14,250,000,000 ;350;393;5;4;ADA
329; 4,000,000,000 ;216;135;5;4;ADA
330; 5,850,000,000 ;220;138;4;3;ADA
331; 2,700,000,000 ;160;90;3;3;ADA
332; 3,250,000,000 ;200;157;7;3;ADA
333; 9,800,000,000 ;350;247;4;3;ADA
334; 12,000,000,000 ;350;237;4;3;ADA
335; 18,500,000,000 ;300;520;5;4;ADA
336; 14,500,000,000 ;500;307;10;7;ADA
337; 8,200,000,000 ;300;260;4;4;ADA
338; 2,700,000,000 ;120;92;3;3;ADA
339; 2,500,000,000 ;121;100;3;2;ADA
340; 9,900,000,000 ;350;250;5;3;ADA
341; 4,200,000,000 ;285;160;5;6;ADA
342; 10,000,000,000 ;353;535;10;10;ADA
343; 5,000,000,000 ;220;217;3;3;ADA
344; 4,300,000,000 ;250;90;4;4;ADA
345; 3,000,000,000 ;250;125;3;2;ADA
346; 3,000,000,000 ;130;170;4;3;ADA
347; 3,400,000,000 ;170;110;4;4;ADA
348; 3,200,000,000 ;150;90;3;2;ADA
349; 3,000,000,000 ;150;110;4;3;ADA
350; 3,200,000,000 ;210;91;5;3;ADA
351; 3,300,000,000 ;150;90;3;2;ADA
352; 5,700,000,000 ;250;190;4;3;ADA
353; 2,100,000,000 ;188;125;6;4;ADA
354; 4,000,000,000 ;89;175;3;3;ADA
355; 2,200,000,000 ;120;220;5;3;ADA
356; 8,500,000,000 ;234;300;5;4;ADA
357; 1,700,000,000 ;154;204;5;2;TIDAK ADA
358; 10,500,000,000 ;350;247;5;5;ADA
359; 1,899,000,000 ;150;135;4;2;ADA
360; 1,500,000,000 ;90;121;3;2;TIDAK ADA
361; 9,000,000,000 ;399;384;3;3;ADA
362; 3,500,000,000 ;180;100;5;4;ADA
363; 13,000,000,000 ;250;322;4;3;ADA
364; 7,800,000,000 ;160;261;3;4;ADA
365; 8,000,000,000 ;200;202;5;3;ADA
366; 8,000,000,000 ;450;306;5;4;ADA
367; 2,900,000,000 ;90;135;2;1;ADA
368; 2,950,000,000 ;125;135;2;1;TIDAK ADA
369; 2,600,000,000 ;80;130;2;1;TIDAK ADA
370; 2,500,000,000 ;105;54;3;2;ADA
371; 2,500,000,000 ;100;130;3;2;TIDAK ADA
372; 2,600,000,000 ;180;95;4;2;ADA
373; 2,700,000,000 ;120;142;3;2;ADA
374; 5,000,000,000 ;100;220;2;1;TIDAK ADA
375; 5,900,000,000 ;340;134;5;4;ADA
376; 3,000,000,000 ;250;150;3;3;ADA
377; 3,500,000,000 ;160;118;4;4;ADA
378; 3,200,000,000 ;128;138;3;2;ADA
379; 5,300,000,000 ;200;145;3;3;ADA
380; 6,500,000,000 ;220;150;3;3;ADA
381; 6,000,000,000 ;300;284;7;3;ADA
382; 3,500,000,000 ;200;135;3;3;ADA
383; 2,780,000,000 ;192;120;5;4;ADA
384; 4,900,000,000 ;215;135;9;8;TIDAK ADA
385; 3,800,000,000 ;160;165;4;3;ADA
386; 4,500,000,000 ;175;125;3;3;ADA
387; 6,500,000,000 ;350;230;4;4;ADA
388; 5,500,000,000 ;300;140;3;3;ADA
389; 7,800,000,000 ;160;261;3;4;ADA
390; 3,900,000,000 ;150;250;4;2;ADA
391; 9,200,000,000 ;450;700;8;4;ADA
392; 2,200,000,000 ;150;82;5;2;ADA
393; 2,100,000,000 ;100;126;2;2;ADA
394; 2,450,000,000 ;150;135;5;2;TIDAK ADA
395; 2,150,000,000 ;120;135;3;2;ADA
396; 2,300,000,000 ;130;150;4;1;TIDAK ADA
397; 2,000,000,000 ;120;94;2;2;TIDAK ADA
398; 2,250,000,000 ;130;150;2;1;TIDAK ADA
399; 2,000,000,000 ;100;111;2;2;ADA
400; 4,000,000,000 ;216;135;5;4;ADA
401; 22,000,000,000 ;350;448;6;7;ADA
402; 13,000,000,000 ;216;384;3;3;ADA
403; 9,000,000,000 ;470;353;9;6;TIDAK ADA
404; 6,200,000,000 ;260;138;6;5;TIDAK ADA
405; 2,400,000,000 ;120;149;3;2;TIDAK ADA
406; 15,000,000,000 ;237;387;5;4;ADA
407; 22,000,000,000 ;300;520;4;4;ADA
408; 2,200,000,000 ;120;100;3;2;ADA
409; 5,000,000,000 ;320;150;9;5;TIDAK ADA
410; 23,000,000,000 ;350;565;5;3;ADA
411; 2,700,000,000 ;135;87;3;2;ADA
412; 4,595,000,000 ;170;136;5;4;ADA
413; 1,300,000,000 ;100;75;3;2;TIDAK ADA
414; 12,000,000,000 ;500;590;10;10;TIDAK ADA
415; 21,000,000,000 ;300;500;4;3;ADA
416; 3,500,000,000 ;170;100;5;3;ADA
417; 3,900,000,000 ;179;142;5;4;ADA
418; 25,000,000,000 ;700;619;5;4;ADA
419; 3,900,000,000 ;179;142;5;4;ADA
420; 1,250,000,000 ;480;312;4;2;ADA
421; 3,900,000,000 ;230;130;3;4;ADA
422; 3,000,000,000 ;150;160;5;2;TIDAK ADA
423; 12,000,000,000 ;240;303;6;6;ADA
424; 5,000,000,000 ;275;210;6;5;ADA
425; 2,300,000,000 ;150;132;4;3;ADA
426; 9,800,000,000 ;162;342;5;3;ADA
427; 6,800,000,000 ;500;428;5;4;ADA
428; 11,000,000,000 ;600;391;7;5;ADA
429; 11,500,000,000 ;350;400;9;7;ADA
430; 3,600,000,000 ;130;163;3;2;ADA
431; 22,500,000,000 ;700;610;6;4;ADA
432; 9,500,000,000 ;340;240;7;4;ADA
433; 13,000,000,000 ;225;322;4;3;ADA
434; 10,000,000,000 ;300;264;5;4;TIDAK ADA
435; 5,500,000,000 ;117;205;5;4;TIDAK ADA
436; 3,500,000,000 ;90;110;3;3;ADA
437; 3,500,000,000 ;250;91;4;2;ADA
438; 3,800,000,000 ;154;113;4;4;ADA
439; 2,800,000,000 ;250;90;3;3;ADA
440; 13,750,000,000 ;600;429;6;4;ADA
441; 6,200,000,000 ;220;150;4;4;ADA
442; 4,600,000,000 ;200;147;4;3;ADA
443; 12,000,000,000 ;322;322;4;3;ADA
444; 2,500,000,000 ;94;78;2;2;ADA
445; 2,500,000,000 ;160;135;3;2;ADA
446; 9,200,000,000 ;450;700;8;4;ADA
447; 6,500,000,000 ;217;217;3;2;ADA
448; 12,000,000,000 ;450;700;8;4;TIDAK ADA
449; 35,000,000,000 ;599;469;4;3;TIDAK ADA
450; 4,200,000,000 ;120;143;6;3;ADA
451; 5,500,000,000 ;200;221;5;2;ADA
452; 3,500,000,000 ;190;100;6;4;ADA
453; 900,000,000 ;100;56;3;2;TIDAK ADA
454; 3,500,000,000 ;350;100;4;4;ADA
455; 7,500,000,000 ;150;288;5;3;ADA
456; 3,500,000,000 ;235;140;5;4;ADA
457; 14,000,000,000 ;200;475;5;3;TIDAK ADA
458; 3,500,000,000 ;210;170;6;2;ADA
459; 4,950,000,000 ;225;110;5;4;ADA
460; 2,600,000,000 ;210;91;5;3;ADA
461; 4,200,000,000 ;200;165;4;2;TIDAK ADA
462; 4,200,000,000 ;150;100;4;4;TIDAK ADA
463; 1,300,000,000 ;332;125;7;7;TIDAK ADA
464; 8,500,000,000 ;550;440;8;5;ADA
465; 8,750,000,000 ;180;137;4;4;ADA
466; 3,900,000,000 ;200;130;3;3;ADA
467; 6,100,000,000 ;390;130;7;6;ADA
468; 2,500,000,000 ;150;90;3;2;ADA
469; 3,500,000,000 ;350;100;4;4;ADA
470; 30,900,000,000 ;1000;670;8;6;ADA
471; 55,000,000,000 ;400;1075;4;3;ADA
472; 3,500,000,000 ;225;360;4;2;ADA
473; 3,500,000,000 ;200;145;8;8;ADA
474; 4,500,000,000 ;150;200;3;2;ADA
475; 55,000,000,000 ;1126;1224;4;4;ADA
476; 22,000,000,000 ;300;520;4;4;ADA
477; 3,200,000,000 ;150;86;5;4;ADA
478; 6,500,000,000 ;300;173;4;4;ADA
479; 1,900,000,000 ;130;135;5;2;ADA
480; 5,990,000,000 ;350;220;5;5;ADA
481; 5,500,000,000 ;300;173;4;4;ADA
482; 16,500,000,000 ;800;361;7;5;ADA
483; 23,000,000,000 ;700;619;5;5;ADA
484; 4,499,999,744 ;250;140;5;4;ADA
485; 3,500,000,000 ;150;135;3;3;ADA
486; 6,000,000,000 ;220;150;4;4;ADA
487; 3,600,000,000 ;154;110;3;3;ADA
488; 4,300,000,000 ;180;135;4;4;ADA
489; 7,900,000,000 ;380;225;5;4;ADA
490; 27,000,000,512 ;350;1069;4;4;ADA
491; 5,000,000,000 ;320;150;5;5;ADA
492; 3,000,000,000 ;110;132;3;2;TIDAK ADA
493; 4,900,000,000 ;280;170;5;4;ADA
494; 3,700,000,000 ;130;130;3;3;ADA
495; 2,900,000,000 ;160;160;3;3;ADA
496; 3,700,000,000 ;175;89;3;3;ADA
497; 3,600,000,000 ;100;180;4;2;ADA
498; 2,333,333,000 ;80;90;2;2;ADA
499; 25,000,000,000 ;890;271;5;6;ADA
500; 6,500,000,000 ;275;150;4;5;ADA
501; 6,500,000,000 ;270;140;3;3;ADA
502; 22,000,000,000 ;300;520;5;4;ADA
503; 2,850,000,000 ;102;96;3;2;ADA
504; 30,000,000,000 ;900;672;5;6;ADA
505; 25,000,000,000 ;350;565;4;4;ADA
506; 1,250,000,000 ;120;136;5;2;TIDAK ADA
507; 4,000,000,000 ;194;194;3;3;ADA
508; 6,000,000,000 ;250;141;4;4;ADA
509; 2,600,000,000 ;147;154;4;3;ADA
510; 3,500,000,000 ;126;135;4;3;TIDAK ADA
511; 3,500,000,000 ;170;112;3;4;ADA
512; 12,500,000,000 ;600;208;4;5;ADA
513; 3,950,000,000 ;260;133;5;5;ADA
514; 2,300,000,000 ;100;140;3;2;ADA
515; 4,000,000,000 ;216;135;5;4;ADA
516; 29,000,000,000 ;900;672;5;6;ADA
517; 37,000,000,000 ;500;720;5;5;ADA
518; 8,000,000,000 ;382;404;6;3;ADA
519; 5,000,000,000 ;180;127;4;4;ADA
520; 7,200,000,000 ;200;256;5;3;ADA
521; 17,500,000,000 ;800;365;5;4;ADA
522; 14,800,000,000 ;500;310;4;4;ADA
523; 3,750,000,000 ;196;196;7;5;ADA
524; 6,200,000,000 ;390;130;7;6;ADA
525; 4,000,000,000 ;200;160;5;4;ADA
526; 6,200,000,000 ;251;140;5;4;ADA
527; 8,000,000,000 ;252;200;4;3;ADA
528; 8,800,000,000 ;400;230;5;5;ADA
529; 3,200,000,000 ;150;80;5;5;ADA
530; 18,500,000,000 ;300;520;4;3;ADA
531; 18,500,000,000 ;800;361;5;4;ADA
532; 2,250,000,000 ;135;135;4;4;TIDAK ADA
533; 16,000,000,000 ;140;246;6;6;ADA
534; 5,999,999,999 ;240;240;4;4;ADA
535; 8,555,555,555 ;304;304;3;2;ADA
536; 4,600,000,000 ;215;135;9;8;ADA
537; 4,700,000,000 ;222;145;4;3;ADA
538; 2,500,000,000 ;165;135;4;3;ADA
539; 8,500,000,000 ;260;256;4;3;ADA
540; 5,100,000,000 ;200;305;5;2;ADA
541; 8,000,000,000 ;330;240;5;5;ADA
542; 3,975,000,000 ;325;226;6;5;ADA
543; 5,800,000,000 ;340;173;5;4;ADA
544; 5,500,000,000 ;420;210;6;5;ADA
545; 4,500,000,000 ;120;154;6;4;ADA
546; 2,700,000,000 ;94;78;3;2;ADA
547; 4,300,000,000 ;180;127;4;4;ADA
548; 3,700,000,000 ;150;90;4;4;ADA
549; 3,800,000,000 ;200;130;4;4;ADA
550; 2,600,000,000 ;200;135;10;3;ADA
551; 4,200,000,000 ;400;225;5;4;ADA
552; 3,600,000,000 ;200;186;3;2;TIDAK ADA
553; 2,150,000,000 ;100;104;2;1;TIDAK ADA
554; 2,600,000,000 ;120;90;3;2;ADA
555; 22,000,000,000 ;400;650;7;4;ADA
556; 8,300,000,000 ;260;306;4;3;ADA
557; 2,990,000,000 ;162;156;5;4;ADA
558; 3,200,000,000 ;160;90;3;3;ADA
559; 2,800,000,000 ;150;90;4;3;ADA
560; 7,500,000,000 ;350;250;5;4;ADA
561; 6,000,000,000 ;295;352;6;4;ADA
562; 13,500,000,000 ;400;430;9;4;ADA
563; 5,000,000,000 ;320;150;7;6;ADA
564; 6,800,000,000 ;500;428;6;4;ADA
565; 4,600,000,000 ;176;137;5;4;ADA
566; 7,000,000,000 ;300;182;4;3;ADA
567; 3,500,000,000 ;400;150;5;4;ADA
568; 35,000,000,000 ;1000;1400;10;7;ADA
569; 5,300,000,000 ;195;199;5;2;ADA
570; 4,000,000,000 ;216;135;5;4;ADA
571; 3,500,000,000 ;190;135;4;3;ADA
572; 2,400,000,000 ;147;154;2;2;TIDAK ADA
573; 3,375,000,000 ;192;120;5;4;ADA
574; 15,000,000,000 ;350;400;7;4;ADA
575; 22,000,000,000 ;300;405;4;4;TIDAK ADA
576; 14,000,000,000 ;400;541;5;5;ADA
577; 23,000,000,000 ;750;610;6;4;ADA
578; 7,100,000,000 ;200;256;6;3;ADA
579; 6,000,000,000 ;325;222;6;4;ADA
580; 4,300,000,000 ;200;145;3;3;ADA
581; 3,500,000,000 ;250;90;3;4;ADA
582; 6,500,000,000 ;219;338;5;3;ADA
583; 7,000,000,000 ;210;166;6;6;ADA
584; 6,100,000,000 ;375;130;6;5;ADA
585; 4,000,000,000 ;200;160;5;4;ADA
586; 8,000,000,000 ;470;350;7;6;ADA
587; 10,000,000,000 ;674;775;4;3;TIDAK ADA
588; 3,700,000,000 ;400;370;6;2;TIDAK ADA
589; 3,000,000,000 ;192;120;4;3;ADA
590; 8,250,000,000 ;460;290;6;5;ADA
591; 3,300,000,000 ;160;179;4;2;ADA
592; 11,000,000,000 ;500;400;6;3;ADA
593; 7,000,000,000 ;220;166;4;4;ADA
594; 2,990,000,000 ;162;156;6;4;ADA
595; 3,600,000,000 ;125;135;5;3;ADA
596; 2,650,000,000 ;190;202;4;2;ADA
597; 2,650,000,000 ;180;202;4;2;ADA
598; 2,700,000,000 ;200;122;5;3;ADA
599; 22,000,000,000 ;500;520;5;4;ADA
600; 2,800,000,000 ;150;98;4;3;ADA
601; 9,200,000,000 ;450;700;8;5;ADA
602; 6,000,000,000 ;150;250;4;4;ADA
603; 1,000,000,000 ;140;128;5;3;ADA
604; 14,800,000,000 ;500;310;3;3;ADA
605; 7,500,000,000 ;200;280;5;5;ADA
606; 20,000,000,000 ;700;547;6;5;ADA
607; 1,999,000,000 ;125;133;4;2;ADA
608; 1,950,000,000 ;125;130;4;2;ADA
609; 11,500,000,000 ;600;208;4;5;ADA
610; 2,400,000,000 ;147;154;3;2;ADA
611; 3,100,000,000 ;140;90;3;2;ADA
612; 4,600,000,000 ;250;184;4;3;ADA
613; 3,000,000,000 ;140;135;3;2;ADA
614; 3,200,000,000 ;120;86;5;4;ADA
615; 15,000,000,000 ;500;400;9;6;ADA
616; 4,500,000,000 ;140;140;3;2;ADA
617; 6,800,000,000 ;480;290;6;3;ADA
618; 6,500,000,000 ;219;338;5;3;ADA
619; 3,550,000,000 ;250;352;5;1;ADA
620; 23,000,000,000 ;1000;498;8;9;ADA
621; 4,200,000,000 ;220;115;4;3;TIDAK ADA
622; 9,000,000,000 ;250;162;4;3;ADA
623; 12,000,000,000 ;385;404;4;3;TIDAK ADA
624; 12,000,000,000 ;350;198;7;5;ADA
625; 22,000,000,000 ;600;852;5;5;ADA
626; 3,500,000,000 ;300;190;6;6;ADA
627; 15,000,000,000 ;200;385;5;5;TIDAK ADA
628; 3,850,000,000 ;160;224;4;3;ADA
629; 9,800,000,000 ;759;319;4;4;ADA
630; 8,900,000,000 ;300;300;5;4;ADA
631; 4,700,000,000 ;280;102;4;3;ADA
632; 3,050,000,000 ;173;89;3;4;ADA
633; 5,750,000,000 ;250;121;4;4;ADA
634; 4,500,000,000 ;250;110;4;3;ADA
635; 28,000,000,000 ;750;498;5;5;ADA
636; 6,500,000,000 ;117;205;5;4;TIDAK ADA
637; 13,000,000,000 ;500;400;6;3;ADA
638; 25,000,000,000 ;350;565;5;5;ADA
639; 7,300,000,000 ;500;325;5;5;ADA
640; 2,900,000,000 ;125;135;5;2;ADA
641; 8,000,000,000 ;278;278;7;3;ADA
642; 6,250,000,000 ;240;180;7;5;TIDAK ADA
643; 8,750,000,000 ;300;322;4;4;ADA
644; 5,500,000,000 ;360;140;4;4;ADA
645; 16,500,000,000 ;700;550;6;6;ADA
646; 1,100,000,000 ;63;300;3;1;ADA
647; 15,000,000,000 ;700;700;5;3;ADA
648; 6,900,000,000 ;250;125;3;2;ADA
649; 7,500,000,000 ;500;280;5;4;ADA
650; 5,800,000,000 ;220;141;4;4;ADA
651; 14,500,000,000 ;400;307;3;3;ADA
652; 4,500,000,000 ;200;146;4;4;ADA
653; 17,000,000,000 ;600;550;5;6;ADA
654; 2,950,000,000 ;150;134;3;2;ADA
655; 3,000,000,000 ;150;150;3;2;ADA
656; 2,000,000,000 ;80;90;2;1;ADA
657; 25,000,000,000 ;350;565;5;5;ADA
658; 8,500,000,000 ;300;325;5;3;ADA
659; 7,000,000,000 ;280;220;4;3;ADA
660; 9,800,000,000 ;400;350;4;5;ADA
661; 3,000,000,000 ;150;90;3;2;ADA
662; 5,500,000,000 ;200;250;4;3;ADA
663; 4,850,000,000 ;300;265;4;3;TIDAK ADA
664; 3,200,000,000 ;150;135;5;2;ADA
665; 25,000,000,000 ;1080;619;5;6;ADA
666; 6,700,000,000 ;390;130;7;6;ADA
667; 17,000,000,000 ;360;606;8;3;ADA
668; 31,000,000,000 ;1000;670;6;5;ADA
669; 9,200,000,000 ;650;695;6;8;ADA
670; 6,900,000,000 ;250;160;3;4;ADA
671; 3,800,000,000 ;250;145;8;8;TIDAK ADA
672; 3,600,000,000 ;120;139;5;3;ADA
673; 1,700,000,000 ;80;90;2;2;ADA
674; 2,900,000,000 ;133;126;3;2;ADA
675; 1,900,000,000 ;120;90;3;2;ADA
676; 17,000,000,000 ;390;608;9;3;ADA
677; 7,000,000,000 ;500;428;6;6;ADA
678; 3,300,000,000 ;200;145;8;8;ADA
679; 7,150,000,000 ;250;162;4;3;ADA
680; 8,500,000,000 ;283;306;5;4;ADA
681; 600,000,000 ;60;30;2;1;TIDAK ADA
682; 17,000,000,000 ;450;310;4;4;ADA
683; 2,750,000,000 ;121;100;4;3;ADA
684; 3,000,000,000 ;224;124;3;3;ADA
685; 6,500,000,000 ;300;200;5;4;ADA
686; 5,900,000,000 ;272;311;4;4;ADA
687; 2,400,000,000 ;147;154;3;2;TIDAK ADA
688; 4,800,000,000 ;325;226;4;4;ADA
689; 6,500,000,000 ;250;180;8;5;ADA
690; 6,500,000,000 ;250;181;8;6;ADA
691; 3,195,000,000 ;150;135;3;3;ADA
692; 5,000,000,000 ;320;150;7;6;ADA
693; 10,000,000,000 ;380;230;6;4;TIDAK ADA
694; 2,200,000,000 ;226;95;5;3;ADA
695; 29,000,000,000 ;1000;670;5;5;ADA
696; 14,800,000,000 ;500;310;4;4;ADA
697; 2,700,000,000 ;72;72;4;4;TIDAK ADA
698; 3,000,000,000 ;100;139;3;2;ADA
699; 6,500,000,000 ;250;180;8;5;ADA
700; 7,500,000,000 ;180;200;5;4;ADA
701; 5,000,000,000 ;250;217;3;3;ADA
702; 3,250,000,000 ;300;153;8;7;ADA
703; 3,300,000,000 ;200;130;9;3;ADA
704; 4,500,000,000 ;200;180;4;3;ADA
705; 7,200,000,000 ;250;161;3;3;ADA
706; 2,800,000,000 ;150;102;3;3;ADA
707; 4,500,000,000 ;250;96;5;4;ADA
708; 2,700,000,000 ;100;130;5;2;ADA
709; 9,500,000,000 ;250;189;4;3;ADA
710; 5,500,000,000 ;147;107;6;4;ADA
711; 23,000,000,000 ;750;610;8;6;ADA
712; 1,500,000,000 ;120;90;3;2;ADA
713; 7,000,000,000 ;500;428;8;6;ADA
714; 3,500,000,000 ;210;170;5;3;ADA
715; 4,950,000,000 ;225;110;5;4;ADA
716; 30,000,000,000 ;800;498;5;5;ADA
717; 1,980,000,000 ;164;72;4;2;ADA
718; 6,500,000,000 ;250;125;3;3;ADA
719; 3,500,000,000 ;178;150;3;2;ADA
720; 1,800,000,000 ;105;90;3;2;ADA
721; 13,000,000,000 ;350;248;4;4;ADA
722; 3,100,000,000 ;225;156;4;3;ADA
723; 4,750,000,000 ;180;137;4;4;ADA
724; 2,599,000,000 ;160;90;4;2;ADA
725; 6,250,000,000 ;200;320;4;3;ADA
726; 3,000,000,000 ;150;135;3;1;ADA
727; 6,550,000,000 ;350;270;5;4;ADA
728; 5,000,000,000 ;320;150;7;6;ADA
729; 16,000,000,000 ;525;330;4;4;ADA
730; 23,000,000,000 ;750;610;8;6;ADA
731; 7,100,000,256 ;200;265;6;3;ADA
732; 2,300,000,000 ;144;135;4;2;ADA
733; 7,500,000,000 ;500;428;6;4;ADA
734; 5,500,000,000 ;410;205;4;4;ADA
735; 2,300,000,000 ;150;132;4;3;ADA
736; 15,000,000,000 ;237;387;5;4;ADA
737; 3,500,000,000 ;140;90;3;3;ADA
738; 5,900,000,000 ;140;107;3;3;ADA
739; 3,000,000,000 ;62;90;5;3;TIDAK ADA
740; 30,000,000,000 ;500;703;8;4;ADA
741; 2,900,000,000 ;120;137;5;2;ADA
742; 6,000,000,000 ;350;220;5;5;ADA
743; 18,000,000,000 ;200;251;5;3;ADA
744; 5,500,000,000 ;147;107;6;4;ADA
745; 3,700,000,000 ;350;180;4;3;ADA
746; 6,250,000,000 ;150;150;3;3;ADA
747; 3,700,000,000 ;150;139;5;3;ADA
748; 7,300,000,000 ;300;325;5;4;ADA
749; 6,950,000,000 ;150;190;4;4;ADA
750; 3,400,000,000 ;190;110;5;6;ADA
751; 3,300,000,000 ;120;90;3;3;ADA
752; 42,000,000,000 ;600;624;3;3;ADA
753; 2,700,000,000 ;170;88;5;4;TIDAK ADA
754; 6,700,000,000 ;390;130;4;5;ADA
755; 12,000,000,000 ;400;312;4;4;ADA
756; 1,500,000,000 ;200;170;7;2;TIDAK ADA
757; 2,350,000,000 ;130;130;4;3;ADA
758; 3,400,000,000 ;100;139;6;4;ADA
759; 3,000,000,000 ;200;150;5;4;ADA
760; 5,000,000,000 ;328;150;7;6;ADA
761; 4,000,000,000 ;250;154;6;3;ADA
762; 2,300,000,000 ;107;54;3;2;ADA
763; 4,500,000,000 ;230;180;4;4;ADA
764; 4,400,000,000 ;200;195;7;2;ADA
765; 4,500,000,000 ;150;179;3;2;ADA
766; 2,800,000,000 ;100;130;3;2;ADA
767; 3,800,000,000 ;178;239;4;3;ADA
768; 15,000,000,000 ;450;475;5;5;ADA
769; 3,500,000,000 ;135;101;4;2;ADA
770; 5,500,000,000 ;170;270;6;3;ADA
771; 2,900,000,000 ;100;139;3;2;ADA
772; 10,000,000,000 ;600;400;4;3;TIDAK ADA
773; 4,340,000,000 ;100;124;3;2;ADA
774; 25,000,000,000 ;353;535;10;10;ADA
775; 2,900,000,000 ;150;60;4;4;ADA
776; 3,200,000,000 ;150;92;4;4;ADA
777; 6,500,000,000 ;272;311;5;5;TIDAK ADA
778; 3,500,000,000 ;210;172;5;2;ADA
779; 25,000,000,000 ;550;485;4;4;ADA
780; 7,500,000,000 ;250;315;3;3;ADA
781; 2,950,000,000 ;135;133;4;3;ADA
782; 5,500,000,000 ;225;326;7;2;TIDAK ADA
783; 9,000,000,000 ;350;305;5;5;ADA
784; 2,500,000,000 ;120;135;4;2;ADA
785; 3,100,000,000 ;172;90;4;3;ADA
786; 3,500,000,000 ;200;231;4;3;ADA
787; 12,000,000,000 ;480;312;4;2;ADA
788; 7,000,000,000 ;330;187;7;4;ADA
789; 6,500,000,000 ;148;150;4;3;ADA
790; 4,500,000,000 ;200;148;4;3;ADA
791; 7,000,000,000 ;180;253;3;2;ADA
792; 2,300,000,000 ;140;77;4;3;ADA
793; 8,750,000,000 ;250;200;5;4;ADA
794; 8,800,000,000 ;400;230;5;5;ADA
795; 3,800,000,000 ;250;186;4;3;TIDAK ADA
796; 13,000,000,000 ;600;208;4;5;ADA
797; 1,800,000,000 ;90;84;3;2;TIDAK ADA
798; 13,500,000,000 ;350;278;6;4;TIDAK ADA
799; 7,100,000,000 ;280;241;5;4;ADA
800; 8,500,000,000 ;200;385;5;5;TIDAK ADA
801; 3,000,000,000 ;139;150;3;3;ADA
802; 3,600,000,000 ;150;135;5;3;ADA
803; 22,000,000,000 ;700;619;5;4;ADA
804; 750,000,000 ;100;78;3;1;TIDAK ADA
805; 22,000,000,000 ;350;448;6;7;ADA
806; 3,500,000,000 ;160;118;4;4;ADA
807; 8,500,000,000 ;245;240;3;5;ADA
808; 25,000,000,000 ;550;485;5;5;ADA
809; 1,600,000,000 ;150;90;3;2;ADA
810; 5,500,000,000 ;424;311;5;4;ADA
811; 8,000,000,000 ;260;306;5;4;ADA
812; 12,500,000,000 ;480;312;4;2;ADA
813; 7,500,000,000 ;350;220;4;5;ADA
814; 3,000,000,000 ;300;110;4;3;ADA
815; 15,000,000,000 ;300;260;4;3;ADA
816; 3,900,000,000 ;220;135;4;4;ADA
817; 6,000,000,000 ;210;203;5;3;ADA
818; 18,000,000,000 ;200;450;5;3;ADA
819; 3,000,000,000 ;150;90;4;5;ADA
820; 5,000,000,000 ;180;107;6;5;ADA
821; 850,000,000 ;56;56;4;2;TIDAK ADA
822; 2,500,000,000 ;140;135;4;3;ADA
823; 21,000,000,000 ;350;520;5;4;ADA
824; 2,900,000,000 ;150;120;2;2;TIDAK ADA
825; 12,500,000,000 ;600;208;4;5;ADA
826; 3,000,000,000 ;160;140;4;3;ADA
827; 30,000,000,000 ;500;703;7;4;ADA
828; 4,750,000,000 ;200;150;5;5;ADA
829; 6,900,000,000 ;400;268;5;4;ADA
830; 10,000,000,000 ;300;368;4;4;ADA
831; 6,700,000,000 ;250;125;3;3;ADA
832; 9,000,000,000 ;350;300;4;4;TIDAK ADA
833; 2,800,000,000 ;200;110;4;3;ADA
834; 3,000,000,000 ;180;135;5;4;ADA
835; 4,100,000,000 ;220;110;4;3;ADA
836; 30,000,000,000 ;498;750;6;6;TIDAK ADA
837; 3,500,000,000 ;162;149;4;2;ADA
838; 35,000,000,000 ;800;700;6;7;ADA
839; 22,000,000,000 ;776;776;4;3;ADA
840; 30,000,000,000 ;800;498;6;6;ADA
841; 2,000,000,000 ;128;148;4;3;ADA
842; 25,000,000,000 ;550;485;5;4;ADA
843; 9,500,000,000 ;380;386;7;4;ADA
844; 4,600,000,000 ;250;151;5;3;ADA
845; 6,000,000,000 ;168;221;5;3;ADA
846; 2,350,000,000 ;160;80;4;3;ADA
847; 2,600,000,000 ;140;84;3;2;ADA
848; 9,000,000,000 ;300;287;4;3;ADA
849; 2,600,000,000 ;150;90;3;2;ADA
850; 12,000,000,000 ;470;270;5;4;ADA
851; 2,700,000,000 ;90;78;3;2;TIDAK ADA
852; 14,500,000,000 ;600;208;4;4;ADA
853; 3,750,000,000 ;127;180;4;4;ADA
854; 6,000,000,000 ;325;225;7;5;ADA
855; 7,500,000,000 ;150;253;5;2;TIDAK ADA
856; 5,200,000,000 ;300;260;7;3;ADA
857; 4,900,000,000 ;250;266;3;2;ADA
858; 17,500,000,000 ;750;724;4;2;ADA
859; 10,900,000,000 ;646;428;5;5;ADA
860; 9,000,000,000 ;300;388;4;3;ADA
861; 6,500,000,000 ;168;221;5;2;ADA
862; 25,000,000,000 ;600;1000;10;10;ADA
863; 6,000,000,000 ;300;150;5;4;ADA
864; 3,300,000,000 ;120;90;4;4;ADA
865; 1,100,000,000 ;100;50;2;1;TIDAK ADA
866; 5,000,000,000 ;410;205;3;3;ADA
867; 2,500,000,000 ;100;150;3;2;TIDAK ADA
868; 3,500,000,000 ;160;118;4;4;ADA
869; 3,000,000,000 ;160;90;4;3;ADA
870; 3,300,000,000 ;180;110;4;4;ADA
871; 4,400,000,000 ;250;130;4;3;ADA
872; 4,250,000,000 ;200;150;5;3;ADA
873; 11,000,000,000 ;275;305;5;3;ADA
874; 3,000,000,000 ;120;90;4;4;ADA
875; 2,500,000,000 ;140;88;4;3;TIDAK ADA
876; 8,800,000,000 ;150;205;5;2;ADA
877; 5,500,000,000 ;300;248;5;4;ADA
878; 2,200,000,000 ;160;100;3;2;ADA
879; 6,000,000,000 ;250;170;5;5;ADA
880; 7,000,000,000 ;300;240;4;3;ADA
881; 10,500,000,000 ;500;345;6;4;ADA
882; 3,500,000,000 ;335;140;5;4;TIDAK ADA
883; 6,000,000,000 ;350;210;5;5;ADA
884; 3,800,000,000 ;150;130;3;2;ADA
885; 5,500,000,000 ;250;140;5;3;ADA
886; 2,500,000,000 ;200;122;4;2;ADA
887; 7,500,000,000 ;480;290;5;3;ADA
888; 6,800,000,000 ;375;130;4;5;ADA
889; 12,500,000,000 ;480;312;4;3;ADA
890; 9,500,000,000 ;300;368;5;4;ADA
891; 6,000,000,000 ;150;200;5;4;ADA
892; 3,500,000,000 ;240;130;5;6;ADA
893; 9,000,000,000 ;350;305;4;4;ADA
894; 8,000,000,000 ;350;178;8;6;ADA
895; 20,000,000,000 ;440;660;9;5;ADA
896; 9,700,000,000 ;450;248;5;6;ADA
897; 3,600,000,000 ;100;130;3;3;TIDAK ADA
898; 4,200,000,000 ;180;120;4;3;ADA
899; 9,000,000,000 ;350;240;6;4;ADA
900; 950,000,000 ;130;92;4;2;TIDAK ADA
901; 16,450,000,000 ;700;550;6;6;TIDAK ADA
902; 7,500,000,000 ;320;360;7;4;TIDAK ADA
903; 8,700,000,000 ;375;265;5;4;ADA
904; 3,500,000,000 ;230;150;5;4;ADA
905; 25,000,000,000 ;400;932;7;5;ADA
906; 13,000,000,000 ;800;370;6;5;ADA
907; 3,750,000,000 ;120;150;2;2;ADA
908; 10,000,000,000 ;450;750;8;6;ADA
909; 1,600,000,000 ;80;80;4;3;ADA
910; 4,500,000,000 ;320;146;5;5;ADA
911; 13,500,000,000 ;235;256;3;2;ADA
912; 2,000,000,000 ;100;90;3;2;ADA
913; 9,000,000,000 ;211;234;7;5;ADA
914; 5,800,000,000 ;280;170;5;4;ADA
915; 3,200,000,000 ;160;135;4;3;ADA
916; 2,400,000,000 ;154;147;3;2;ADA
917; 6,750,000,000 ;350;210;4;4;ADA
918; 2,400,000,000 ;75;101;2;1;ADA
919; 3,100,000,000 ;150;95;3;3;ADA
920; 11,000,000,000 ;399;384;4;4;TIDAK ADA
921; 28,000,000,000 ;500;703;8;4;ADA
922; 650,000,000 ;50;55;2;1;TIDAK ADA
923; 5,750,000,000 ;350;240;7;5;TIDAK ADA
924; 2,800,000,000 ;150;90;3;3;ADA
925; 3,200,000,000 ;170;90;4;4;TIDAK ADA
926; 23,000,000,000 ;750;610;8;6;TIDAK ADA
927; 1,600,000,000 ;80;80;4;3;TIDAK ADA
928; 2,400,000,000 ;100;130;4;2;ADA
929; 6,000,000,000 ;450;260;7;4;TIDAK ADA
930; 4,500,000,000 ;251;106;4;3;ADA
931; 3,000,000,000 ;200;200;4;3;TIDAK ADA
932; 2,100,000,000 ;162;162;3;3;ADA
933; 5,800,000,000 ;180;141;4;3;ADA
934; 9,300,000,000 ;385;386;6;4;ADA
935; 2,000,000,000 ;130;100;3;2;ADA
936; 35,000,000,000 ;400;600;5;3;ADA
937; 4,000,000,000 ;200;140;4;3;ADA
938; 6,500,000,000 ;250;180;8;4;ADA
939; 2,850,000,000 ;160;135;3;2;ADA
940; 6,800,000,000 ;300;200;5;5;ADA
941; 3,500,000,000 ;150;112;3;4;ADA
942; 3,500,000,000 ;160;110;4;4;ADA
943; 10,500,000,000 ;800;457;7;5;ADA
944; 12,500,000,009 ;480;312;6;4;ADA
945; 5,500,000,000 ;265;250;4;3;ADA
946; 5,700,000,000 ;250;162;4;4;ADA
947; 26,000,000,000 ;550;485;4;3;ADA
948; 3,000,000,000 ;90;160;5;4;ADA
949; 9,500,000,000 ;385;380;5;4;ADA
950; 3,750,000,000 ;160;110;3;3;ADA
951; 3,600,000,000 ;150;340;6;4;TIDAK ADA
952; 6,500,000,000 ;170;89;3;3;ADA
953; 7,500,000,000 ;300;325;5;4;ADA
954; 2,500,000,000 ;120;60;3;4;ADA
955; 3,900,000,000 ;200;130;5;4;ADA
956; 16,000,000,000 ;450;310;5;5;ADA
957; 18,000,000,000 ;300;538;5;5;TIDAK ADA
958; 18,500,000,000 ;330;360;7;7;TIDAK ADA
959; 3,999,999,999 ;200;130;4;3;ADA
960; 5,800,000,000 ;170;141;4;3;ADA
961; 3,900,000,000 ;170;100;5;3;ADA
962; 3,100,000,000 ;180;103;3;3;ADA
963; 3,000,000,000 ;150;139;3;3;ADA
964; 14,000,000,000 ;440;393;6;6;ADA
965; 13,500,000,000 ;352;394;6;4;ADA
966; 4,000,000,000 ;200;135;4;3;ADA
967; 3,500,000,000 ;120;90;3;2;ADA
968; 4,300,000,000 ;300;180;5;4;ADA
969; 3,900,000,000 ;180;154;4;3;ADA
970; 19,000,000,512 ;800;361;5;5;ADA
971; 2,750,000,000 ;210;91;5;4;ADA
972; 2,900,000,000 ;175;134;5;2;ADA
973; 9,500,000,000 ;500;345;8;5;ADA
974; 23,000,000,000 ;700;987;4;4;ADA
975; 21,000,000,000 ;700;547;4;4;ADA
976; 2,600,000,000 ;150;90;3;2;TIDAK ADA
977; 4,000,000,000 ;200;220;7;3;ADA
978; 22,900,000,000 ;700;650;3;3;ADA
979; 4,000,000,000 ;180;105;5;4;ADA
980; 3,200,000,000 ;137;86;4;2;ADA
981; 2,600,000,000 ;160;93;4;4;ADA
982; 6,300,000,000 ;250;180;4;3;ADA
983; 3,400,000,000 ;160;110;3;3;ADA
984; 3,250,000,000 ;200;90;4;3;ADA
985; 3,000,000,000 ;150;95;4;4;ADA
986; 4,100,000,000 ;180;155;4;3;ADA
987; 6,500,000,000 ;130;160;4;1;ADA
988; 1,800,000,000 ;90;100;2;1;TIDAK ADA
989; 3,500,000,000 ;150;135;4;3;ADA
990; 2,100,000,000 ;100;126;2;2;ADA
991; 3,000,000,000 ;200;125;2;2;ADA
992; 2,150,000,000 ;128;135;3;2;ADA
993; 3,000,000,000 ;200;90;3;2;ADA
994; 3,250,000,000 ;120;104;4;3;ADA
995; 1,750,000,000 ;85;90;2;1;ADA
996; 1,500,000,000 ;200;170;7;2;TIDAK ADA
997; 3,800,000,000 ;200;145;8;8;ADA
998; 2,500,000,000 ;120;100;3;2;ADA
999; 4,200,000,000 ;250;206;5;4;ADA
1000; 1,100,000,000 ;70;70;2;1;TIDAK ADA
1001; 950,000,000 ;100;60;3;1;TIDAK ADA
1002; 4,500,000,000 ;128;90;3;3;ADA
1003; 7,000,000,000 ;150;110;4;3;ADA
1004; 600,000,000 ;60;30;2;2;TIDAK ADA
1005; 2,600,000,000 ;100;140;3;2;ADA
1006; 9,000,000,000 ;450;550;10;10;ADA
1007; 4,000,000,000 ;160;140;4;3;ADA
1008; 4,000,000,000 ;139;230;4;4;ADA
1009; 19,000,000,000 ;360;606;7;4;TIDAK ADA
1010; 10,500,000,000 ;420;430;7;4;ADA
1011; 28,000,000,000 ;700;1100;5;6;ADA
1012; 19,000,000,000 ;800;824;4;4;ADA
1013; 4,700,000,000 ;400;500;4;3;ADA
1014; 4,900,000,000 ;300;251;5;4;ADA
1015; 28,000,000,000 ;575;1340;4;5;ADA
1016; 10,000,000,000 ;300;460;4;4;ADA
1017; 7,600,000,000 ;350;278;4;4;ADA
1018; 5,250,000,000 ;300;511;3;2;ADA
1019; 670,000,000 ;69;70;3;2;TIDAK ADA
1020; 480,000,000 ;42;66;2;1;TIDAK ADA
1021; 10,700,000,000 ;500;449;6;7;ADA
1022; 4,200,000,000 ;188;109;2;3;ADA
1023; 8,500,000,000 ;250;320;4;4;ADA
1024; 7,000,000,000 ;400;384;4;4;ADA
1025; 20,000,000,000 ;645;462;5;6;ADA
1026; 9,500,000,000 ;300;212;4;4;ADA
1027; 13,400,000,000 ;450;342;5;4;ADA
1028; 11,000,000,000 ;700;410;4;4;ADA
1029; 5,800,000,000 ;285;144;4;3;ADA
1030; 35,000,000,000 ;400;985;4;3;ADA
1031; 14,000,000,000 ;500;780;3;4;ADA
1032; 5,000,000,000 ;450;217;4;4;ADA
1033; 40,000,000,000 ;700;1500;4;4;ADA
1034; 7,250,000,000 ;300;210;4;3;ADA
1035; 5,200,000,000 ;200;110;3;3;ADA
1036; 25,000,000,000 ;650;760;4;4;ADA
1037; 5,680,000,000 ;245;151;3;3;ADA
1038; 10,500,000,000 ;350;220;4;3;ADA
1039; 7,050,000,000 ;315;128;3;3;ADA
1040; 9,300,000,000 ;270;235;3;3;TIDAK ADA
1041; 6,500,000,000 ;250;100;4;3;ADA
1042; 68,000,000,000 ;1000;470;5;5;ADA
1043; 3,000,000,000 ;150;75;4;2;ADA
1044; 85,000,000,000 ;500;770;4;4;ADA
1045; 19,500,000,000 ;1000;610;6;5;ADA
1046; 20,900,000,000 ;500;754;4;4;ADA
1047; 15,500,000,000 ;350;440;4;3;ADA
1048; 14,000,000,000 ;800;410;4;4;ADA
1049; 39,000,000,000 ;1100;973;4;3;ADA
1050; 8,000,000,000 ;320;251;4;4;ADA
1051; 20,000,000,000 ;600;780;4;4;ADA
1052; 17,500,000,000 ;600;954;4;3;ADA
1053; 34,000,000,000 ;900;1186;6;5;ADA
1054; 7,500,000,000 ;380;186;4;4;ADA
1055; 18,500,000,000 ;500;358;4;5;ADA
1056; 5,000,000,000 ;200;217;4;3;ADA
1057; 16,000,000,000 ;600;535;4;4;ADA
1058; 13,000,000,000 ;500;330;3;3;ADA
1059; 8,000,000,000 ;320;250;4;3;ADA
1060; 17,500,000,000 ;530;477;4;4;ADA
1061; 10,500,000,000 ;450;282;4;4;ADA
1062; 35,500,000,000 ;850;1312;5;4;ADA
1063; 16,000,000,000 ;500;860;4;4;ADA
1064; 11,700,000,000 ;347;246;4;3;ADA
1065; 18,500,000,000 ;450;443;4;3;ADA
1066; 17,500,000,000 ;400;389;4;3;ADA
1067; 6,500,000,000 ;450;300;4;3;ADA
1068; 18,500,000,000 ;600;433;4;4;ADA
1069; 25,000,000,000 ;400;987;4;3;ADA
1070; 23,000,000,000 ;500;817;6;4;ADA
1071; 12,990,000,000 ;428;876;5;4;ADA
1072; 15,000,000,000 ;300;887;3;2;ADA
1073; 13,000,000,000 ;425;384;5;4;ADA
1074; 33,000,000,000 ;400;458;4;4;ADA
1075; 9,500,000,000 ;235;200;3;3;ADA
1076; 5,750,000,000 ;285;144;4;4;ADA
1077; 19,000,000,000 ;600;358;4;5;TIDAK ADA
1078; 19,000,000,000 ;480;550;4;4;ADA
1079; 21,500,000,000 ;300;950;5;4;ADA
1080; 5,200,000,000 ;140;164;3;3;ADA
1081; 14,000,000,000 ;400;460;4;3;ADA
1082; 55,000,000,000 ;1200;1487;6;4;ADA
1083; 6,250,000,000 ;400;158;4;2;ADA
1084; 29,000,000,000 ;800;1186;9;8;ADA
1085; 8,000,000,000 ;317;323;5;4;ADA
1086; 8,500,000,000 ;250;502;4;4;ADA
1087; 18,000,000,000 ;147;916;5;7;ADA
1088; 4,500,000,000 ;188;109;2;3;ADA
1089; 10,000,000,000 ;450;395;5;5;ADA
1090; 4,250,000,000 ;275;152;3;3;ADA
1091; 4,500,000,000 ;250;138;5;4;TIDAK ADA
1092; 2,800,000,000 ;150;100;3;3;TIDAK ADA
1093; 15,000,000,000 ;800;2010;4;3;ADA
1094; 7,800,000,000 ;367;188;3;3;ADA
1095; 21,000,000,000 ;525;500;4;5;ADA
1096; 38,000,000,000 ;800;1229;4;4;ADA
1097; 29,950,000,000 ;600;1000;4;4;ADA
1098; 7,500,000,000 ;350;350;6;6;TIDAK ADA
1099; 25,000,000,000 ;400;987;4;3;TIDAK ADA
1100; 36,000,000,000 ;500;626;5;3;ADA
1101; 20,000,000,000 ;650;472;6;5;TIDAK ADA
1102; 29,000,000,000 ;600;1186;8;9;TIDAK ADA
1103; 5,500,000,000 ;115;234;2;2;ADA
1104; 16,590,000,000 ;495;405;4;4;ADA
1105; 33,500,000,000 ;800;1000;5;6;TIDAK ADA
1106; 21,000,000,000 ;904;802;4;3;ADA
1107; 7,720,000,000 ;298;125;4;4;ADA
1108; 22,000,000,000 ;650;1019;4;3;ADA
1109; 18,500,000,000 ;600;180;4;4;ADA
1110; 16,500,000,000 ;600;933;5;5;ADA
1111; 11,980,000,000 ;572;241;4;5;ADA
1112; 8,500,000,000 ;250;250;4;4;ADA
1113; 7,700,000,000 ;350;190;3;2;ADA
1114; 4,200,000,000 ;300;270;4;4;ADA
1115; 15,700,000,000 ;325;860;5;4;ADA
1116; 17,000,000,000 ;147;916;5;7;ADA
1117; 8,000,000,000 ;317;323;5;4;ADA
1118; 9,550,000,000 ;288;251;3;3;ADA
1119; 7,600,000,000 ;350;278;4;4;ADA
1120; 10,200,000,000 ;360;320;6;4;ADA
1121; 5,900,000,000 ;350;240;4;4;ADA
1122; 6,000,000,000 ;309;178;4;3;ADA
1123; 10,800,000,000 ;540;438;6;5;ADA
1124; 55,000,000,000 ;1200;1500;7;6;ADA
1125; 14,000,000,000 ;750;714;5;3;TIDAK ADA
1126; 6,900,000,000 ;450;358;4;3;ADA
1127; 55,000,000,000 ;1200;1497;5;5;ADA
1128; 17,500,000,000 ;600;1056;5;5;ADA
1129; 3,500,000,000 ;156;100;5;4;ADA
1130; 15,500,000,000 ;500;340;4;4;ADA
1131; 6,900,000,000 ;350;188;3;3;TIDAK ADA
1132; 16,000,000,000 ;575;407;5;4;ADA
1133; 11,900,000,000 ;571;241;4;5;ADA
1134; 7,500,000,000 ;351;188;3;3;ADA
1135; 40,000,000,000 ;700;1500;4;4;ADA
1136; 12,500,000,000 ;300;371;4;4;TIDAK ADA
1137; 11,000,000,000 ;540;438;8;4;TIDAK ADA
1138; 55,000,000,000 ;1200;1500;6;6;ADA
1139; 12,000,000,000 ;350;512;3;4;TIDAK ADA
1140; 6,500,000,000 ;400;230;4;4;ADA
1141; 13,940,000,000 ;610;539;4;4;TIDAK ADA
1142; 5,700,000,000 ;170;168;3;3;TIDAK ADA
1143; 8,000,000,000 ;350;350;10;5;TIDAK ADA
1144; 6,900,000,000 ;315;128;3;3;TIDAK ADA
1145; 8,000,000,000 ;420;190;4;4;ADA
1146; 5,500,000,000 ;311;107;4;3;ADA
1147; 10,700,000,000 ;300;400;4;3;ADA
1148; 21,000,000,000 ;552;1042;5;4;ADA
1149; 6,500,000,000 ;300;200;4;4;ADA
1150; 16,000,000,000 ;500;447;4;4;ADA
1151; 13,500,000,000 ;525;385;5;4;ADA
1152; 15,750,000,000 ;375;1060;3;2;ADA
1153; 23,000,000,000 ;553;558;8;6;ADA
1154; 21,000,000,000 ;550;1042;7;6;ADA
1155; 19,300,000,000 ;700;1287;5;3;ADA
1156; 4,300,000,000 ;187;124;3;3;ADA
1157; 20,000,000,000 ;650;550;4;4;ADA
1158; 9,550,000,000 ;288;251;4;4;TIDAK ADA
1159; 22,000,000,000 ;570;455;4;5;ADA
1160; 23,000,000,000 ;600;650;5;5;ADA
1161; 55,000,000,000 ;1000;1500;5;6;ADA
1162; 17,500,000,000 ;820;430;5;6;ADA
1163; 8,000,000,000 ;400;299;4;4;ADA
1164; 4,600,000,000 ;180;109;2;3;ADA
1165; 15,000,000,000 ;750;714;5;5;ADA
1166; 18,000,000,000 ;400;600;6;6;ADA
1167; 1,370,000,000 ;216;425;4;4;TIDAK ADA
1168; 21,000,000,000 ;700;1100;5;4;TIDAK ADA
1169; 12,000,000,000 ;609;315;5;4;ADA
1170; 24,300,000,000 ;1944;1944;5;4;ADA
1171; 8,000,000,000 ;450;380;5;5;ADA
1172; 18,900,000,000 ;660;470;4;4;TIDAK ADA
1173; 3,200,000,000 ;65;78;3;2;ADA
1174; 21,900,000,000 ;260;377;6;5;ADA
1175; 5,600,000,000 ;300;269;4;4;ADA
1176; 5,000,000,000 ;400;176;5;2;ADA
1177; 15,000,000,000 ;750;714;5;5;ADA
1178; 4,800,000,000 ;200;276;4;3;ADA
1179; 17,000,000,000 ;530;663;7;8;ADA
1180; 7,800,000,000 ;300;250;4;4;ADA
1181; 15,000,000,000 ;416;755;7;6;ADA
1182; 13,500,000,000 ;450;384;4;4;ADA
1183; 26,500,000,000 ;500;1047;5;3;ADA
1184; 7,500,000,000 ;300;170;4;3;ADA
1185; 11,900,000,000 ;568;239;4;4;ADA
1186; 17,500,000,000 ;520;477;4;3;ADA
1187; 15,500,000,000 ;530;633;5;3;ADA
1188; 5,500,000,000 ;314;188;4;4;ADA
1189; 9,900,000,000 ;411;741;5;5;ADA
1190; 8,650,000,000 ;518;225;4;4;ADA
1191; 3,650,000,000 ;185;78;3;3;ADA
1192; 18,500,000,000 ;600;660;5;4;ADA
1193; 3,600,000,000 ;150;164;4;4;ADA
1194; 3,400,000,000 ;156;95;4;3;ADA
1195; 18,000,000,000 ;1000;786;6;7;ADA
1196; 17,900,000,000 ;400;450;4;3;ADA
1197; 4,500,000,000 ;184;124;3;3;TIDAK ADA
1198; 4,500,000,000 ;235;300;4;4;ADA
1199; 18,000,000,000 ;500;600;6;6;ADA
1200; 15,000,000,000 ;750;741;5;5;ADA
1201; 8,000,000,000 ;450;380;5;5;ADA
1202; 18,900,000,000 ;660;470;4;4;TIDAK ADA
1203; 21,900,000,000 ;260;377;6;5;ADA
1204; 5,600,000,000 ;300;269;4;4;ADA
1205; 4,000,000,000 ;221;117;4;3;ADA
1206; 20,980,000,000 ;455;959;6;5;ADA
1207; 3,400,000,000 ;156;95;4;3;ADA
1208; 25,000,000,000 ;550;1100;5;4;ADA
1209; 11,500,000,000 ;416;400;5;3;ADA
1210; 11,510,000,000 ;544;233;7;7;TIDAK ADA
1211; 3,600,000,000 ;185;78;4;4;TIDAK ADA
1212; 15,000,000,000 ;460;250;4;4;ADA
1213; 17,500,000,000 ;450;518;5;7;ADA
1214; 4,000,000,000 ;221;117;4;3;ADA
1215; 8,000,000,000 ;350;350;2;1;TIDAK ADA
1216; 20,000,000,000 ;600;550;5;5;ADA
1217; 30,000,000,000 ;527;555;8;6;ADA
1218; 27,000,000,000 ;650;670;4;4;ADA
1219; 20,000,000,000 ;600;1040;4;3;ADA
1220; 15,750,000,000 ;243;598;4;4;ADA
1221; 34,500,000,000 ;800;974;5;6;ADA
1222; 4,300,000,000 ;184;124;3;3;ADA
1223; 8,500,000,000 ;310;230;5;3;TIDAK ADA
1224; 9,500,000,000 ;400;225;3;3;ADA
1225; 19,000,000,000 ;500;520;5;5;ADA
1226; 13,000,000,000 ;458;208;4;3;ADA
1227; 11,900,000,000 ;568;239;4;4;ADA
1228; 13,000,000,000 ;600;616;5;4;ADA
1229; 20,000,000,000 ;600;890;5;5;ADA
1230; 7,500,000,000 ;380;186;3;3;ADA
1231; 6,150,000,000 ;400;158;3;3;ADA
1232; 10,500,000,000 ;700;500;4;4;ADA
1233; 13,500,000,000 ;450;384;4;4;ADA
1234; 55,000,000,000 ;1200;1475;5;6;ADA
1235; 19,000,000,000 ;635;358;4;5;ADA
1236; 13,900,000,000 ;248;450;4;4;ADA
1237; 29,500,000,000 ;429;923;9;5;TIDAK ADA
1238; 22,000,000,000 ;570;455;4;5;ADA
1239; 60,000,000,000 ;1200;1500;6;6;ADA
1240; 13,000,000,000 ;450;314;4;4;ADA
1241; 16,000,000,000 ;420;895;5;5;ADA
1242; 18,000,000,000 ;600;968;4;3;ADA
1243; 30,000,000,000 ;800;1000;5;6;ADA
1244; 47,000,000,000 ;1400;1375;5;5;ADA
1245; 6,000,000,000 ;300;206;4;4;ADA
1246; 9,550,000,000 ;288;251;4;5;TIDAK ADA
1247; 32,000,000,000 ;1100;973;5;5;ADA
1248; 19,000,000,000 ;650;435;4;4;ADA
1249; 55,000,000,000 ;1200;1500;6;6;ADA
1250; 17,000,000,000 ;557;624;6;5;TIDAK ADA
1251; 19,000,000,000 ;700;870;6;4;ADA
1252; 14,700,000,000 ;455;474;4;5;ADA
1253; 13,800,000,000 ;360;260;6;5;ADA
1254; 15,000,000,000 ;400;450;4;3;TIDAK ADA
1255; 10,000,000,000 ;250;160;3;4;ADA
1256; 6,250,000,000 ;440;150;3;2;ADA
1257; 7,800,000,000 ;390;200;4;4;ADA
1258; 6,800,000,000 ;285;137;4;3;ADA
1259; 15,000,000,000 ;500;398;5;4;ADA
1260; 19,000,000,000 ;1000;916;5;7;TIDAK ADA
1261; 6,750,000,000 ;193;217;4;4;TIDAK ADA
1262; 28,000,000,000 ;300;330;3;3;ADA
1263; 17,000,000,000 ;310;921;3;3;ADA
1264; 11,900,000,000 ;365;260;4;4;ADA
1265; 9,530,000,000 ;523;150;3;3;TIDAK ADA
1266; 10,400,000,000 ;280;282;4;3;ADA
1267; 6,500,000,000 ;290;138;4;3;ADA
1268; 15,000,000,000 ;500;658;3;3;ADA
1269; 6,000,000,000 ;272;200;4;4;ADA
1270; 6,900,000,000 ;315;137;3;2;ADA
1271; 16,000,000,000 ;470;521;7;6;ADA
1272; 19,000,000,000 ;788;400;4;3;ADA
1273; 25,000,000,000 ;450;865;4;4;ADA
1274; 15,500,000,000 ;600;1100;4;4;ADA
1275; 12,600,000,000 ;800;540;5;4;TIDAK ADA
1276; 7,900,000,000 ;465;228;4;4;ADA
1277; 20,000,000,000 ;645;462;5;5;ADA
1278; 5,000,000,000 ;200;143;3;3;ADA
1279; 18,000,000,000 ;650;1900;6;6;ADA
1280; 1,100,000,000 ;180;90;3;3;ADA
1281; 6,500,000,000 ;300;427;4;4;ADA
1282; 17,000,000,000 ;850;407;6;5;ADA
1283; 6,500,000,000 ;195;217;4;3;ADA
1284; 8,500,000,000 ;400;307;4;5;ADA
1285; 13,500,000,000 ;600;429;5;4;ADA
1286; 850,000,000 ;60;76;2;2;TIDAK ADA
1287; 14,000,000,000 ;500;460;5;4;ADA
1288; 11,200,000,000 ;250;371;6;3;ADA
1289; 7,700,000,000 ;373;200;4;3;ADA
1290; 10,000,000,000 ;343;388;4;4;ADA
1291; 13,500,000,000 ;380;282;4;4;ADA
1292; 13,000,000,000 ;800;410;4;4;TIDAK ADA
1293; 27,000,000,000 ;800;660;5;4;ADA
1294; 19,000,000,000 ;650;435;4;4;ADA
1295; 7,000,000,000 ;400;384;4;4;ADA
1296; 27,500,000,000 ;300;1068;5;3;ADA
1297; 17,000,000,000 ;640;465;3;4;TIDAK ADA
1298; 10,000,000,000 ;600;475;5;5;TIDAK ADA
1299; 6,800,000,000 ;275;210;3;2;ADA
1300; 21,000,000,000 ;500;754;4;4;ADA
1301; 25,000,000,000 ;600;1340;8;5;ADA
1302; 16,000,000,000 ;471;521;5;5;ADA
1303; 6,000,000,000 ;500;329;5;3;TIDAK ADA
1304; 21,000,000,000 ;600;1018;4;4;TIDAK ADA
1305; 33,000,000,000 ;450;1100;4;4;ADA
1306; 2,790,000,000 ;250;180;3;3;ADA
1307; 8,500,000,000 ;400;307;7;6;TIDAK ADA
1308; 1,930,000,000 ;135;111;3;3;TIDAK ADA
1309; 14,000,000,000 ;800;410;4;4;ADA
1310; 12,750,000,000 ;400;500;4;3;TIDAK ADA
1311; 5,000,000,000 ;260;188;4;3;ADA
1312; 25,000,000,000 ;600;1040;4;3;TIDAK ADA
1313; 25,000,000,000 ;600;1000;9;5;ADA
1314; 85,500,000,000 ;1300;1500;5;5;ADA
1315; 5,400,000,000 ;297;165;3;3;ADA
1316; 14,000,000,000 ;350;380;6;4;ADA
1317; 5,600,000,000 ;254;151;4;3;ADA
1318; 38,000,000,000 ;750;1390;6;4;TIDAK ADA
1319; 30,000,000,000 ;400;557;4;3;TIDAK ADA
1320; 17,500,000,000 ;450;518;5;7;ADA
1321; 39,500,000,000 ;900;1960;5;4;ADA
1322; 15,000,000,000 ;460;395;4;4;ADA
1323; 13,000,000,000 ;623;235;5;5;TIDAK ADA
1324; 8,500,000,000 ;380;434;5;2;TIDAK ADA
1325; 45,000,000,000 ;600;836;4;4;ADA
1326; 10,000,000,000 ;350;230;3;2;ADA
1327; 20,000,000,000 ;500;425;5;4;ADA
1328; 5,800,000,000 ;285;144;4;3;ADA
1329; 20,900,000,000 ;500;754;4;4;ADA
1330; 24,000,000,000 ;650;832;4;1;TIDAK ADA
1331; 23,000,000,000 ;400;800;4;4;ADA
1332; 9,000,000,000 ;245;256;4;4;TIDAK ADA
1333; 1,350,000,000 ;150;72;3;3;TIDAK ADA
1334; 23,000,000,000 ;500;800;5;4;TIDAK ADA
1335; 14,000,000,000 ;350;464;4;3;ADA
1336; 15,000,000,000 ;140;733;2;2;TIDAK ADA
1337; 6,500,000,000 ;400;500;17;18;ADA
1338; 6,800,000,000 ;352;376;5;5;TIDAK ADA
1339; 10,500,000,000 ;360;320;6;4;ADA
1340; 20,000,000,000 ;600;442;3;4;ADA
1341; 16,000,000,000 ;420;895;5;4;ADA
1342; 15,000,000,000 ;500;400;4;4;TIDAK ADA
1343; 9,000,000,000 ;380;240;3;3;ADA
1344; 33,000,000,000 ;700;1750;6;6;ADA
1345; 6,200,000,000 ;550;450;4;4;ADA
1346; 40,000,000,000 ;500;600;8;5;ADA
1347; 14,500,000,000 ;450;240;4;4;ADA
1348; 25,000,000,000 ;600;900;4;3;TIDAK ADA
1349; 6,200,000,000 ;352;376;4;2;ADA
1350; 38,000,000,000 ;1000;2880;7;6;ADA
1351; 9,000,000,000 ;650;350;4;3;ADA
1352; 7,000,000,000 ;325;251;3;3;TIDAK ADA
1353; 9,900,000,000 ;200;452;3;2;ADA
1354; 15,000,000,000 ;400;291;4;4;ADA
1355; 16,000,000,000 ;1200;445;6;6;ADA
1356; 9,000,000,000 ;300;300;4;3;ADA
1357; 25,000,000,000 ;500;700;4;4;ADA
1358; 10,000,000,000 ;410;468;4;3;ADA
1359; 9,500,000,000 ;430;350;4;4;TIDAK ADA
1360; 30,000,000,000 ;320;778;3;2;TIDAK ADA
1361; 15,000,000,000 ;900;923;5;4;TIDAK ADA
1362; 20,000,000,000 ;650;1050;4;4;ADA
1363; 15,000,000,000 ;633;530;4;3;TIDAK ADA
1364; 5,900,000,000 ;314;188;4;4;TIDAK ADA
1365; 185,000,000,000 ;10000;6790;5;5;ADA
1366; 17,800,000,000 ;500;430;4;4;ADA
1367; 11,500,000,000 ;400;375;5;4;ADA
1368; 12,000,000,000 ;600;340;11;11;ADA
1369; 50,000,000,000 ;500;325;3;3;ADA
1370; 7,900,000,000 ;475;266;4;4;ADA
1371; 7,000,000,000 ;280;250;3;3;ADA
1372; 7,000,000,000 ;400;230;4;4;ADA
1373; 20,000,000,000 ;890;600;6;6;ADA
1374; 11,000,000,000 ;210;575;4;3;ADA
1375; 22,000,000,000 ;400;1860;4;4;ADA
1376; 20,000,000,000 ;1000;610;6;6;TIDAK ADA
1377; 16,000,000,000 ;600;835;5;5;TIDAK ADA
1378; 8,750,000,000 ;400;158;3;3;ADA
1379; 39,000,000,000 ;1000;1900;6;5;TIDAK ADA
1380; 10,500,000,000 ;313;424;7;4;ADA
1381; 14,000,000,000 ;350;651;5;3;ADA
1382; 11,000,000,000 ;225;400;4;3;ADA
1383; 24,000,000,000 ;350;354;3;3;ADA
1384; 14,500,000,000 ;500;600;5;4;ADA
1385; 8,500,000,000 ;400;200;4;4;ADA
1386; 9,900,000,000 ;500;611;7;4;ADA
1387; 21,000,000,000 ;882;557;5;4;ADA
1388; 6,000,000,000 ;250;144;4;3;ADA
1389; 14,000,000,000 ;800;661;4;4;TIDAK ADA
1390; 12,900,000,000 ;610;539;4;4;ADA
1391; 17,640,000,000 ;541;503;4;3;ADA
1392; 12,000,000,000 ;500;600;4;4;ADA
1393; 10,000,000,000 ;250;237;4;3;ADA
1394; 3,790,000,000 ;248;248;4;2;TIDAK ADA
1395; 9,000,000,000 ;400;600;4;3;TIDAK ADA
1396; 250,000,000,000 ;1500;6000;5;5;ADA
1397; 9,500,000,000 ;258;274;3;3;ADA
1398; 17,500,000,000 ;450;518;5;7;ADA
1399; 8,250,000,000 ;278;159;3;3;ADA
1400; 4,300,000,000 ;190;123;3;3;TIDAK ADA
1401; 4,300,000,000 ;230;152;4;2;TIDAK ADA
1402; 5,620,000,000 ;311;122;3;3;ADA
1403; 3,250,000,000 ;200;240;3;3;ADA
1404; 6,500,000,000 ;285;144;4;3;ADA
1405; 25,000,000,000 ;800;1020;5;3;ADA
1406; 23,000,000,000 ;400;752;4;3;ADA
1407; 17,700,000,000 ;750;860;5;4;ADA
1408; 7,700,000,000 ;300;190;3;2;ADA
1409; 16,000,000,000 ;640;465;4;4;ADA
1410; 6,000,000,000 ;272;200;4;4;ADA
1411; 15,000,000,000 ;765;500;4;4;ADA
1412; 25,000,000,000 ;450;685;4;4;ADA
1413; 20,000,000,000 ;450;910;5;4;ADA
1414; 15,000,000,000 ;220;580;4;3;TIDAK ADA
1415; 8,500,000,000 ;221;246;3;3;ADA
1416; 4,000,000,000 ;125;125;3;3;ADA
1417; 11,500,000,000 ;300;400;3;3;ADA
1418; 27,500,000,000 ;605;1010;6;6;ADA
1419; 6,000,000,000 ;500;182;4;3;ADA
1420; 17,500,000,000 ;550;477;4;4;ADA
1421; 17,000,000,000 ;475;300;5;4;ADA
1422; 7,500,000,000 ;410;259;4;3;ADA
1423; 28,000,000,000 ;450;572;8;7;ADA
1424; 7,000,000,000 ;349;349;9;5;ADA
1425; 9,000,000,000 ;480;200;4;3;ADA
1426; 39,000,000,000 ;1100;973;4;4;ADA
1427; 42,000,000,000 ;1600;2131;5;5;ADA
1428; 4,000,000,000 ;103;219;4;2;ADA
1429; 9,000,000,000 ;350;490;4;3;ADA
1430; 25,000,000,000 ;800;1000;4;3;ADA
1431; 3,800,000,000 ;180;153;4;3;TIDAK ADA
1432; 15,000,000,000 ;400;506;3;3;TIDAK ADA
1433; 17,000,000,000 ;640;465;4;4;ADA
1434; 7,300,000,000 ;350;278;4;4;ADA
1435; 8,500,000,000 ;400;250;4;4;ADA
1436; 55,000,000,000 ;1000;2641;4;3;ADA
1437; 17,000,000,000 ;450;851;4;3;ADA
1438; 17,000,000,000 ;327;392;4;4;ADA
1439; 10,000,000,000 ;236;402;3;3;ADA
1440; 12,000,000,000 ;370;254;4;4;ADA
1441; 10,500,000,000 ;300;380;3;3;ADA
1442; 17,500,000,000 ;560;417;4;4;ADA
1443; 5,250,000,000 ;250;135;3;4;ADA
1444; 13,500,000,000 ;380;565;3;3;ADA
1445; 10,500,000,000 ;350;220;4;3;ADA
1446; 17,000,000,000 ;350;440;4;4;ADA
1447; 7,900,000,000 ;450;356;4;3;ADA
1448; 18,600,000,000 ;455;474;4;4;TIDAK ADA
1449; 35,000,000,000 ;900;1200;6;6;ADA
1450; 25,000,000,000 ;650;670;3;3;TIDAK ADA
1451; 22,000,000,000 ;500;754;4;4;ADA
1452; 68,000,000,000 ;1000;2595;5;5;ADA
1453; 6,500,000,000 ;350;266;4;4;ADA
1454; 2,500,000,000 ;120;200;3;3;ADA
1455; 22,000,000,000 ;500;754;4;4;ADA
1456; 22,000,000,000 ;450;888;4;3;ADA
1457; 5,100,000,000 ;210;120;4;3;TIDAK ADA
1458; 9,200,000,000 ;389;231;3;3;ADA
1459; 36,000,000,000 ;850;1200;5;4;TIDAK ADA
1460; 7,900,000,000 ;357;205;4;4;TIDAK ADA
1461; 5,800,000,000 ;350;250;4;4;ADA
1462; 11,000,000,000 ;350;230;4;4;ADA
1463; 4,900,000,000 ;210;340;3;2;ADA
1464; 23,000,000,000 ;700;806;4;4;ADA
1465; 17,000,000,000 ;350;440;4;4;ADA
1466; 8,200,000,000 ;330;188;3;3;ADA
1467; 9,500,000,000 ;295;251;4;4;ADA
1468; 6,500,000,000 ;350;266;4;3;ADA
1469; 27,000,000,000 ;400;900;4;3;ADA
1470; 16,500,000,000 ;400;600;7;4;ADA
1471; 35,000,000,000 ;800;2000;4;4;TIDAK ADA
1472; 6,200,000,000 ;311;142;3;2;ADA
1473; 15,000,000,000 ;484;912;6;3;ADA
1474; 9,500,000,000 ;295;251;4;4;ADA
1475; 23,000,000,000 ;700;806;4;4;ADA
1476; 7,370,000,000 ;465;211;4;4;ADA
1477; 19,500,000,000 ;750;850;3;2;ADA
1478; 5,800,000,000 ;289;122;3;3;ADA
1479; 33,000,000,000 ;800;1100;5;5;ADA
1480; 22,500,000,000 ;536;500;5;5;ADA
1481; 4,200,000,000 ;165;110;4;3;ADA
1482; 16,950,000,000 ;250;387;1;1;ADA
1483; 13,000,000,000 ;650;616;4;4;ADA
1484; 18,000,000,000 ;385;670;4;4;ADA
1485; 7,000,000,000 ;215;140;4;4;ADA
1486; 5,000,000,000 ;350;234;4;4;ADA
1487; 38,500,000,000 ;550;1420;8;5;ADA
1488; 15,000,000,000 ;420;395;4;4;ADA
1489; 13,500,000,000 ;400;230;3;2;ADA
1490; 13,000,000,000 ;450;372;4;4;ADA
1491; 8,500,000,000 ;400;250;4;4;ADA
1492; 17,000,000,000 ;1000;786;6;7;TIDAK ADA
1493; 43,000,000,000 ;750;1350;5;5;ADA
1494; 13,000,000,000 ;623;235;4;4;TIDAK ADA
1495; 22,000,000,000 ;800;1000;5;4;TIDAK ADA
1496; 9,950,000,000 ;300;212;4;3;ADA
1497; 12,500,000,000 ;350;512;3;3;ADA
1498; 16,000,000,000 ;500;578;5;4;ADA
1499; 22,600,000,000 ;500;754;4;4;ADA
1500; 75,000,000,000 ;1000;1830;5;4;ADA
1501; 30,000,000,000 ;500;1100;4;4;ADA
1502; 20,000,000,000 ;450;897;4;4;ADA
1503; 15,000,000,000 ;140;733;2;2;ADA
1504; 19,000,000,000 ;500;435;4;4;ADA
1505; 8,700,000,000 ;327;229;4;3;ADA
1506; 25,000,000,000 ;671;670;4;4;TIDAK ADA
1507; 19,000,000,000 ;600;520;4;4;TIDAK ADA
1508; 35,000,000,000 ;800;900;7;5;ADA
1509; 18,000,000,000 ;450;677;4;3;TIDAK ADA
1510; 15,000,000,000 ;150;415;3;2;ADA
1511; 9,500,000,000 ;460;350;6;5;ADA
1512; 25,500,000,000 ;816;1020;5;3;TIDAK ADA
1513; 16,000,000,000 ;450;1095;3;4;ADA
1514; 15,000,000,000 ;320;940;2;2;ADA
1515; 22,000,000,000 ;600;824;7;4;ADA
1516; 6,900,000,000 ;260;243;4;4;ADA
1517; 20,000,000,000 ;499;429;4;4;ADA
1518; 45,000,000,000 ;900;1466;9;9;ADA
1519; 60,000,000,000 ;542;2360;6;8;ADA
1520; 10,800,000,000 ;650;472;6;3;ADA
1521; 56,000,000,000 ;2000;1470;7;7;ADA
1522; 14,400,000,000 ;455;474;3;4;ADA
1523; 60,000,000,000 ;542;2630;6;8;TIDAK ADA
1524; 9,500,000,000 ;400;278;3;2;ADA
1525; 19,000,000,000 ;500;430;4;5;ADA
1526; 40,000,000,000 ;1100;973;4;4;ADA
1527; 175,230,000,000 ;4271;4574;4;4;ADA
1528; 19,500,000,000 ;780;834;6;3;TIDAK ADA
1529; 17,000,000,000 ;450;392;4;4;ADA
1530; 16,000,000,000 ;450;1095;3;4;ADA
1531; 13,000,000,000 ;850;407;4;4;ADA
1532; 21,000,000,000 ;500;817;4;3;TIDAK ADA
1533; 19,000,000,000 ;500;800;5;4;ADA
1534; 1,880,000,000 ;135;90;3;3;ADA
1535; 5,100,000,000 ;250;140;3;2;TIDAK ADA
1536; 12,000,000,000 ;432;572;5;6;ADA
1537; 8,000,000,000 ;350;350;5;5;ADA
1538; 17,000,000,000 ;450;389;7;4;ADA
1539; 49,000,000,000 ;600;943;7;4;ADA
1540; 6,000,000,000 ;250;144;4;3;ADA
1541; 12,000,000,000 ;300;230;5;4;ADA
1542; 17,000,000,000 ;660;470;4;4;ADA
1543; 10,500,000,000 ;325;220;4;3;ADA
1544; 950,000,000 ;80;50;3;2;TIDAK ADA
1545; 9,500,000,000 ;350;462;3;3;ADA
1546; 19,000,000,000 ;500;358;4;5;ADA
1547; 25,500,000,000 ;816;1020;4;4;ADA
1548; 2,800,000,000 ;125;70;3;3;TIDAK ADA
1549; 18,500,000,000 ;500;358;4;4;ADA
1550; 22,000,000,000 ;580;780;4;4;TIDAK ADA
1551; 5,500,000,000 ;210;150;4;4;ADA
1552; 10,500,000,000 ;700;500;4;4;ADA
1553; 17,000,000,000 ;640;465;4;5;ADA
1554; 5,680,000,000 ;245;151;3;3;ADA
1555; 15,000,000,000 ;800;400;4;4;TIDAK ADA
1556; 13,500,000,000 ;500;615;4;5;TIDAK ADA
1557; 4,800,000,000 ;260;200;5;7;TIDAK ADA
1558; 14,000,000,000 ;250;350;3;3;ADA
1559; 19,000,000,000 ;500;520;5;5;TIDAK ADA
1560; 17,000,000,000 ;450;389;4;4;ADA
1561; 13,500,000,000 ;900;1034;6;5;ADA
1562; 8,500,000,000 ;400;307;7;6;TIDAK ADA
1563; 9,500,000,000 ;300;458;5;4;ADA
1564; 40,000,000,000 ;800;1050;27;21;ADA
1565; 18,000,000,000 ;500;900;4;4;ADA
1566; 6,700,000,000 ;258;285;4;4;TIDAK ADA
1567; 37,500,000,000 ;1250;680;6;5;ADA
1568; 26,000,000,000 ;450;600;4;4;ADA
1569; 15,000,000,000 ;1000;500;5;5;ADA
1570; 33,000,000,000 ;900;585;7;6;ADA
1571; 8,500,000,000 ;300;250;4;4;ADA
1572; 22,000,000,000 ;1800;900;4;3;ADA
1573; 7,900,000,000 ;300;220;3;3;ADA
1574; 11,160,000,000 ;333;248;4;4;ADA
1575; 19,500,000,000 ;450;443;5;3;TIDAK ADA
1576; 10,000,000,000 ;600;475;5;5;TIDAK ADA
1577; 1,100,000,000 ;80;59;3;2;ADA
1578; 7,190,000,000 ;245;207;3;3;ADA
1579; 9,000,000,000 ;300;200;5;4;ADA
1580; 5,700,000,000 ;325;144;3;3;ADA
1581; 36,000,000,000 ;850;1300;5;4;TIDAK ADA
1582; 17,000,000,000 ;530;663;5;4;ADA
1583; 23,000,000,000 ;600;650;5;5;TIDAK ADA
1584; 1,140,000,000 ;60;60;3;2;TIDAK ADA
1585; 12,500,000,000 ;350;512;3;3;ADA
1586; 16,000,000,000 ;350;587;4;3;ADA
1587; 5,800,000,000 ;285;144;4;3;TIDAK ADA
1588; 17,000,000,000 ;900;536;7;2;ADA
1589; 14,000,000,000 ;360;464;4;3;TIDAK ADA
1590; 17,500,000,000 ;450;518;5;7;ADA
1591; 26,000,000,000 ;500;900;7;4;TIDAK ADA
1592; 11,500,000,000 ;500;547;4;3;ADA
1593; 19,000,000,000 ;500;800;5;3;TIDAK ADA
1594; 19,000,000,000 ;500;800;5;4;ADA
1595; 3,600,000,000 ;150;164;4;4;ADA
1596; 5,300,000,000 ;205;90;3;3;ADA
1597; 11,000,000,000 ;300;436;6;5;TIDAK ADA
1598; 6,620,000,000 ;225;135;5;4;TIDAK ADA
1599; 5,500,000,000 ;240;164;4;3;ADA
1600; 19,800,000,000 ;430;1039;5;4;TIDAK ADA
1601; 40,000,000,000 ;712;1752;3;4;TIDAK ADA
1602; 10,000,000,000 ;450;395;5;5;ADA
1603; 6,500,000,000 ;300;124;3;3;ADA
1604; 6,800,000,000 ;330;145;4;1;ADA
1605; 9,000,000,000 ;700;450;4;4;TIDAK ADA
1606; 4,500,000,000 ;355;240;4;3;ADA
1607; 24,500,000,000 ;600;876;8;5;TIDAK ADA
1608; 5,800,000,000 ;325;144;3;3;ADA
1609; 10,500,000,000 ;700;500;4;4;ADA
1610; 15,500,000,000 ;350;440;6;4;TIDAK ADA
1611; 7,000,000,000 ;310;272;5;3;ADA
1612; 14,500,000,000 ;643;600;5;5;ADA
1613; 5,500,000,000 ;210;150;4;4;ADA
1614; 17,000,000,000 ;800;670;5;5;ADA
1615; 18,500,000,000 ;450;443;5;5;ADA
1616; 4,400,000,000 ;158;236;6;4;TIDAK ADA
1617; 14,000,000,000 ;400;460;4;3;ADA
1618; 19,800,000,000 ;430;1039;5;3;ADA
1619; 6,800,000,000 ;380;253;4;3;ADA
1620; 14,000,000,000 ;400;460;4;4;TIDAK ADA
1621; 9,550,000,000 ;288;251;3;4;ADA
1622; 4,600,000,000 ;190;123;3;3;ADA
1623; 19,000,000,000 ;500;358;5;5;ADA
1624; 5,800,000,000 ;148;128;3;3;ADA
1625; 7,000,000,000 ;210;291;4;3;ADA
1626; 21,500,000,000 ;400;788;4;3;TIDAK ADA
1627; 38,000,000,000 ;422;900;4;3;ADA
1628; 5,900,000,000 ;176;160;4;3;TIDAK ADA
1629; 15,000,000,000 ;450;600;5;4;TIDAK ADA
1630; 14,900,000,000 ;500;700;4;3;ADA
1631; 16,000,000,000 ;350;587;4;3;ADA
1632; 21,000,000,000 ;550;1180;5;4;ADA
1633; 9,500,000,000 ;450;330;5;2;ADA
1634; 8,500,000,000 ;280;400;3;3;TIDAK ADA
1635; 14,000,000,000 ;500;580;6;4;ADA
1636; 26,000,000,000 ;450;600;4;4;ADA
1637; 13,000,000,000 ;430;330;5;4;ADA
1638; 8,600,000,000 ;350;246;3;3;TIDAK ADA
1639; 7,000,000,000 ;229;194;5;4;ADA
1640; 18,000,000,000 ;600;800;5;5;ADA
1641; 5,500,000,000 ;245;214;4;2;TIDAK ADA
1642; 43,000,000,000 ;600;1000;27;27;ADA
1643; 13,500,000,000 ;350;250;5;4;ADA
1644; 36,000,000,000 ;850;1300;5;5;ADA
1645; 4,500,000,000 ;300;235;4;4;ADA
1646; 18,500,000,000 ;700;1000;4;3;ADA
1647; 21,500,000,000 ;400;603;4;1;ADA
1648; 21,000,000,000 ;500;358;4;5;ADA
1649; 24,000,000,000 ;1320;450;5;3;TIDAK ADA
1650; 15,000,000,000 ;425;225;5;4;ADA
1651; 21,600,000,000 ;500;800;4;2;ADA
1652; 12,000,000,000 ;970;477;5;4;ADA
1653; 5,000,000,000 ;255;185;4;4;ADA
1654; 7,700,000,000 ;300;188;3;3;ADA
1655; 8,700,000,000 ;350;246;3;3;ADA
1656; 5,200,000,000 ;400;464;5;5;ADA
1657; 30,000,000,000 ;500;1017;5;3;ADA
1658; 4,500,000,000 ;150;258;2;2;TIDAK ADA
1659; 30,000,000,000 ;600;1500;7;7;ADA
1660; 28,000,000,000 ;800;1100;5;4;ADA
1661; 14,200,000,000 ;455;474;3;3;ADA
1662; 29,000,000,000 ;800;1019;6;4;ADA
1663; 6,900,000,000 ;400;389;4;3;ADA
1664; 21,900,000,000 ;266;377;4;3;ADA
1665; 14,500,000,000 ;363;212;3;4;ADA
1666; 5,300,000,000 ;148;129;3;3;TIDAK ADA
1667; 7,900,000,000 ;330;181;3;4;TIDAK ADA
1668; 4,500,000,000 ;200;151;4;4;ADA
1669; 17,000,000,000 ;600;500;4;3;TIDAK ADA
1670; 14,500,000,000 ;450;240;4;4;ADA
1671; 20,000,000,000 ;600;1040;4;3;ADA
1672; 5,900,000,000 ;176;160;4;3;ADA
1673; 20,000,000,000 ;750;1026;6;4;ADA
1674; 2,500,000,000 ;180;94;4;4;TIDAK ADA
1675; 18,500,000,000 ;450;421;4;3;ADA
1676; 20,000,000,000 ;650;472;4;3;TIDAK ADA
1677; 6,500,000,000 ;300;295;4;4;ADA
1678; 5,000,000,000 ;245;225;3;3;TIDAK ADA
1679; 17,000,000,000 ;640;465;4;4;ADA
1680; 15,000,000,000 ;600;500;5;5;ADA
1681; 10,000,000,000 ;350;246;3;3;ADA
1682; 18,000,000,000 ;500;700;5;4;ADA
1683; 36,000,000,000 ;900;1147;5;6;ADA
1684; 35,500,000,000 ;525;500;4;4;ADA
1685; 5,250,000,000 ;320;190;4;3;ADA
1686; 13,500,000,000 ;520;330;3;2;ADA
1687; 10,700,000,000 ;550;604;5;5;ADA
1688; 18,000,000,000 ;470;415;5;4;ADA
1689; 21,000,000,000 ;500;817;4;4;ADA
1690; 10,000,000,000 ;400;227;4;3;ADA
1691; 6,500,000,000 ;320;215;4;3;ADA
1692; 4,700,000,000 ;280;260;6;4;ADA
1693; 17,500,000,000 ;450;518;5;7;ADA
1694; 19,750,000,000 ;536;500;5;5;ADA
1695; 30,000,000,000 ;450;317;4;4;ADA
1696; 15,000,000,000 ;300;585;4;2;TIDAK ADA
1697; 25,000,000,000 ;1000;1050;4;4;TIDAK ADA
1698; 11,100,000,000 ;568;230;4;4;ADA
1699; 20,000,000,000 ;500;780;4;3;TIDAK ADA
1700; 5,300,000,000 ;250;330;10;4;TIDAK ADA
1701; 39,000,000,000 ;1000;973;4;4;TIDAK ADA
1702; 38,000,000,000 ;800;1180;8;9;ADA
1703; 18,000,000,000 ;384;216;4;4;ADA
1704; 23,000,000,000 ;563;558;8;6;ADA
1705; 26,000,000,000 ;1200;1083;6;6;ADA
1706; 23,000,000,000 ;474;693;5;4;ADA
1707; 4,750,000,000 ;250;161;4;2;TIDAK ADA
1708; 15,900,000,000 ;500;400;4;5;ADA
1709; 5,500,000,000 ;300;230;3;3;TIDAK ADA
1710; 9,000,000,000 ;380;159;3;3;ADA
1711; 19,000,000,000 ;600;817;5;4;ADA
1712; 22,600,000,000 ;500;754;4;4;ADA
1713; 33,000,000,000 ;900;585;7;6;ADA
1714; 12,000,000,000 ;500;600;4;3;ADA
1715; 15,000,000,000 ;500;385;4;5;ADA
1716; 17,500,000,000 ;450;518;5;7;ADA
1717; 1,870,000,000 ;90;22;3;2;TIDAK ADA
1718; 17,500,000,000 ;800;800;5;5;TIDAK ADA
1719; 5,800,000,000 ;285;144;4;3;ADA
1720; 39,000,000,000 ;650;450;7;5;ADA
1721; 6,500,000,000 ;350;399;4;3;ADA
1722; 12,000,000,000 ;450;615;4;4;ADA
1723; 8,800,000,000 ;600;527;3;3;TIDAK ADA
1724; 7,730,000,000 ;245;225;3;3;ADA
1725; 500,000,000 ;60;60;2;1;TIDAK ADA
1726; 14,400,000,000 ;450;474;4;3;ADA
1727; 16,000,000,000 ;575;407;5;4;ADA
1728; 40,000,000,000 ;1100;973;4;4;ADA
1729; 11,000,000,000 ;415;180;4;5;ADA
1730; 5,500,000,000 ;325;144;3;4;TIDAK ADA
1731; 16,000,000,000 ;600;350;4;4;TIDAK ADA
1732; 21,000,000,000 ;550;1042;7;6;ADA
1733; 11,200,000,000 ;345;246;6;5;ADA
1734; 5,500,000,000 ;245;214;5;3;TIDAK ADA
1735; 6,500,000,000 ;214;250;4;3;TIDAK ADA
1736; 16,500,000,000 ;650;472;4;3;ADA
1737; 10,500,000,000 ;300;230;10;10;ADA
1738; 10,000,000,000 ;400;227;6;4;ADA
1739; 10,500,000,000 ;700;876;7;4;TIDAK ADA
1740; 15,000,000,000 ;450;400;5;4;ADA
1741; 8,950,000,000 ;340;246;6;3;ADA
1742; 22,000,000,000 ;800;1000;5;4;ADA
1743; 6,800,000,000 ;331;133;4;3;ADA
1744; 5,200,000,000 ;300;347;5;4;TIDAK ADA
1745; 20,000,000,000 ;550;450;5;2;TIDAK ADA
1746; 26,000,000,000 ;887;700;4;5;TIDAK ADA
1747; 15,500,000,000 ;400;450;4;4;TIDAK ADA
1748; 6,900,000,000 ;500;625;4;4;ADA
1749; 2,750,000,000 ;175;130;3;3;TIDAK ADA
1750; 22,000,000,000 ;570;455;4;5;ADA
1751; 9,550,000,000 ;288;251;4;3;TIDAK ADA
1752; 15,000,000,000 ;500;520;4;4;ADA
1753; 15,000,000,000 ;650;1055;8;5;ADA
1754; 39,000,000,000 ;1100;973;4;4;ADA
1755; 17,500,000,000 ;450;518;5;7;ADA
1756; 28,000,000,000 ;816;1020;5;3;ADA
1757; 4,650,000,000 ;220;124;4;3;ADA
1758; 6,800,000,000 ;200;389;4;3;ADA
1759; 5,900,000,000 ;245;214;5;3;TIDAK ADA
1760; 14,500,000,000 ;400;648;8;6;ADA
1761; 36,000,000,000 ;850;1300;6;4;ADA
1762; 19,500,000,000 ;500;520;5;4;ADA
1763; 5,000,000,000 ;200;300;5;4;TIDAK ADA
1764; 11,100,000,000 ;383;282;4;2;ADA
1765; 14,000,000,000 ;400;718;2;2;ADA
1766; 4,950,000,000 ;250;135;3;4;ADA
1767; 8,500,000,000 ;221;246;4;4;ADA
1768; 4,700,000,000 ;250;110;4;3;TIDAK ADA
1769; 14,400,000,000 ;320;451;5;4;ADA
1770; 85,000,000,000 ;1700;1175;5;6;ADA
1771; 6,700,000,000 ;250;190;4;3;ADA
1772; 4,400,000,000 ;300;201;4;3;TIDAK ADA
1773; 6,800,000,000 ;170;212;3;2;ADA
1774; 5,800,000,000 ;171;150;3;3;TIDAK ADA
1775; 14,850,000,000 ;610;539;4;4;ADA
1776; 11,000,000,000 ;420;180;4;5;ADA
1777; 17,000,000,000 ;400;392;4;4;ADA
1778; 8,250,000,000 ;220;174;3;3;ADA
1779; 8,000,000,000 ;200;352;4;2;ADA
1780; 16,000,000,000 ;500;407;4;4;ADA
1781; 5,400,000,000 ;240;104;3;3;ADA
1782; 14,000,000,000 ;800;407;4;3;ADA
1783; 25,000,000,000 ;450;752;4;4;ADA
1784; 19,000,000,000 ;600;380;4;4;ADA
1785; 1,350,000,000 ;150;72;3;3;TIDAK ADA
1786; 3,500,000,000 ;95;156;4;3;ADA
1787; 14,500,000,000 ;200;560;3;2;ADA
1788; 3,500,000,000 ;186;100;4;3;ADA
1789; 2,200,000,000 ;200;110;3;3;ADA
1790; 15,500,000,000 ;500;1055;5;3;ADA
1791; 1,300,000,000 ;108;65;3;2;ADA
1792; 1,200,000,000 ;75;69;3;1;TIDAK ADA
1793; 1,310,000,000 ;60;51;2;2;TIDAK ADA
1794; 2,400,000,000 ;180;127;5;5;ADA
1795; 5,500,000,000 ;115;234;2;2;ADA
1796; 15,000,000,000 ;550;500;5;5;ADA
1797; 35,500,000,000 ;1000;1500;6;6;ADA
1798; 3,800,000,000 ;220;220;3;3;TIDAK ADA
1799; 4,970,000,000 ;300;154;6;4;ADA
1800; 10,500,000,000 ;600;202;3;3;TIDAK ADA
1801; 680,000,000 ;60;50;3;2;TIDAK ADA
1802; 2,570,000,000 ;120;107;3;3;TIDAK ADA
1803; 14,000,000,000 ;800;949;5;4;ADA
1804; 4,600,000,000 ;350;201;4;3;ADA
1805; 4,200,000,000 ;188;109;3;3;ADA
1806; 13,500,000,000 ;365;465;5;5;ADA
1807; 700,000,000 ;52;60;3;2;ADA
1808; 1,650,000,000 ;105;78;3;3;ADA
1809; 1,300,000,000 ;135;86;3;2;TIDAK ADA
1810; 80,000,000,000 ;2000;800;7;6;ADA
1811; 11,750,000,000 ;419;340;4;4;TIDAK ADA
1812; 14,900,000,000 ;400;291;4;4;TIDAK ADA
1813; 57,000,000,000 ;1200;550;5;5;ADA
1814; 1,350,000,000 ;100;69;3;3;ADA
1815; 555,000,000 ;38;32;2;2;TIDAK ADA
1816; 1,200,000,000 ;70;60;3;2;ADA
1817; 2,990,000,000 ;160;123;4;3;TIDAK ADA
1818; 7,500,000,000 ;350;150;3;3;ADA
1819; 4,200,000,000 ;190;85;3;3;TIDAK ADA
1820; 25,000,000,000 ;530;850;6;4;ADA
1821; 1,880,000,000 ;90;60;3;2;TIDAK ADA
1822; 5,300,000,000 ;285;144;4;3;ADA
1823; 1,300,000,000 ;100;78;3;3;TIDAK ADA
1824; 700,000,000 ;52;60;3;2;ADA
1825; 650,000,000 ;52;60;3;2;ADA
1826; 679,000,000 ;50;60;3;2;TIDAK ADA
1827; 2,200,000,000 ;200;110;4;4;TIDAK ADA
1828; 1,200,000,000 ;70;60;3;2;ADA
1829; 3,750,000,000 ;220;321;5;5;ADA
1830; 15,000,000,000 ;400;291;4;3;ADA
1831; 13,500,000,000 ;640;500;5;5;ADA
1832; 15,000,000,000 ;400;291;4;4;ADA
1833; 7,050,000,000 ;315;128;3;3;ADA
1834; 13,700,000,000 ;400;323;4;3;ADA
1835; 9,500,000,000 ;436;239;4;4;ADA
1836; 14,500,000,000 ;841;465;5;4;ADA
1837; 17,000,000,000 ;500;392;4;4;ADA
1838; 32,000,000,000 ;600;325;4;4;ADA
1839; 168,000,000,000 ;1000;1770;5;5;ADA
1840; 30,000,000,000 ;500;345;4;4;ADA
1841; 32,000,000,000 ;600;430;4;4;ADA
1842; 180,000,000,000 ;1000;1442;6;5;ADA
1843; 90,000,000,000 ;5000;1066;8;6;ADA
1844; 35,000,000,000 ;700;2600;5;5;ADA
1845; 23,000,000,000 ;400;400;4;4;ADA
1846; 75,000,000,000 ;1500;1050;5;5;ADA
1847; 68,000,000,000 ;1000;470;5;5;ADA
1848; 135,000,000,000 ;1000;850;5;4;ADA
1849; 165,000,000,000 ;1500;2122;6;6;ADA
1850; 2,800,000,000 ;150;75;4;2;ADA
1851; 12,000,000,000 ;419;340;4;5;TIDAK ADA
1852; 11,000,000,000 ;400;769;4;3;ADA
1853; 33,000,000,000 ;526;329;5;4;ADA
1854; 85,000,000,000 ;500;770;4;4;ADA
1855; 3,000,000,000 ;267;250;4;4;ADA
1856; 65,000,000,000 ;600;586;5;4;ADA
1857; 7,350,000,000 ;444;200;27;27;ADA
1858; 40,000,000,000 ;850;340;5;5;ADA
1859; 120,000,000,000 ;998;1050;5;5;ADA
1860; 110,000,000,000 ;2500;1050;8;5;ADA
1861; 50,000,000,000 ;600;912;5;4;ADA
1862; 5,150,000,000 ;285;144;4;3;ADA
1863; 12,500,000,000 ;578;875;6;5;ADA
1864; 2,950,000,000 ;145;82;3;3;ADA
1865; 28,000,000,000 ;500;490;5;4;ADA
1866; 15,700,000,000 ;350;860;5;4;ADA
1867; 14,900,000,000 ;400;291;4;4;TIDAK ADA
1868; 15,000,000,000 ;452;542;5;5;ADA
1869; 14,500,000,000 ;450;325;3;3;ADA
1870; 72,000,000,000 ;589;855;5;3;ADA
1871; 5,200,000,000 ;250;390;3;2;ADA
1872; 7,500,000,000 ;275;105;3;3;ADA
1873; 75,000,000,000 ;2000;3000;4;4;ADA
1874; 8,500,000,000 ;330;226;5;5;ADA
1875; 12,500,000,000 ;419;340;4;4;TIDAK ADA
1876; 6,100,000,000 ;350;199;4;4;ADA
1877; 1,280,000,000 ;78;72;3;2;TIDAK ADA
1878; 30,000,000,000 ;800;1100;5;6;ADA
1879; 11,000,000,000 ;500;459;5;5;ADA
1880; 22,900,000,000 ;850;680;4;4;TIDAK ADA
1881; 9,500,000,000 ;550;460;4;5;TIDAK ADA
1882; 4,970,000,000 ;300;161;5;3;TIDAK ADA
1883; 42,000,000,000 ;500;709;3;4;TIDAK ADA
1884; 11,000,000,000 ;350;256;4;4;ADA
1885; 28,000,000,000 ;800;997;4;5;ADA
1886; 29,900,000,000 ;650;680;6;6;TIDAK ADA
1887; 12,900,000,000 ;400;1145;6;4;TIDAK ADA
1888; 4,800,000,000 ;275;340;4;3;ADA
1889; 7,000,000,000 ;240;248;4;2;TIDAK ADA
1890; 15,000,000,000 ;400;291;4;4;ADA
1891; 15,000,000,000 ;500;1148;4;4;ADA
1892; 7,300,000,000 ;270;385;3;2;ADA
1893; 4,200,000,000 ;145;151;4;4;ADA
1894; 4,500,000,000 ;100;203;4;3;ADA
1895; 23,200,000,000 ;350;400;4;3;ADA
1896; 34,000,000,000 ;525;525;4;4;ADA
1897; 7,500,000,000 ;325;149;5;3;TIDAK ADA
1898; 550,000,000 ;50;84;2;1;TIDAK ADA
1899; 22,000,000,000 ;800;616;6;5;ADA
1900; 1,200,000,000 ;70;60;3;2;ADA
1901; 38,000,000,000 ;1000;320;5;5;ADA
1902; 21,000,000,000 ;700;560;5;5;ADA
1903; 60,000,000,000 ;700;610;4;4;ADA
1904; 5,800,000,000 ;256;126;3;3;ADA
1905; 15,500,000,000 ;300;216;6;8;TIDAK ADA
1906; 45,000,000,000 ;1100;483;5;5;ADA
1907; 2,700,000,000 ;400;310;6;4;ADA
1908; 1,700,000,000 ;125;213;4;4;ADA
1909; 3,250,000,000 ;70;146;6;2;ADA
1910; 7,700,000,000 ;400;422;4;4;ADA
1911; 19,700,000,000 ;600;903;3;3;ADA
1912; 1,750,000,000 ;140;133;3;3;ADA
1913; 6,750,000,000 ;200;350;3;2;ADA
1914; 30,000,000,000 ;500;3000;4;4;ADA
1915; 23,000,000,000 ;468;348;4;4;ADA
1916; 5,000,000,000 ;195;212;4;3;ADA
1917; 55,000,000,000 ;1500;4035;6;6;TIDAK ADA
1918; 4,800,000,000 ;240;290;4;3;ADA
1919; 430,000,000 ;40;25;2;2;TIDAK ADA
1920; 4,900,000,000 ;320;130;3;2;ADA
1921; 15,000,000,000 ;400;290;4;3;ADA
1922; 28,000,000,000 ;837;404;4;4;ADA
1923; 13,000,000,000 ;600;616;5;4;ADA
1924; 15,500,000,000 ;600;480;22;10;ADA
1925; 10,500,000,000 ;476;1000;5;5;ADA
1926; 6,500,000,000 ;280;250;3;2;ADA
1927; 4,050,000,000 ;500;468;5;4;ADA
1928; 9,000,000,000 ;400;355;6;5;ADA
1929; 5,900,000,000 ;200;403;4;3;ADA
1930; 6,500,000,000 ;300;400;4;4;ADA
1931; 8,500,000,000 ;450;540;5;4;ADA
1932; 32,000,000,000 ;600;325;4;8;ADA
1933; 21,000,000,000 ;400;250;3;3;ADA
1934; 18,000,000,000 ;450;290;4;3;ADA
1935; 8,500,000,000 ;315;529;4;4;ADA
1936; 2,800,000,000 ;169;170;4;4;TIDAK ADA
1937; 28,000,000,000 ;400;830;8;4;TIDAK ADA
1938; 2,950,000,000 ;230;170;5;2;TIDAK ADA
1939; 7,300,000,000 ;350;230;5;3;ADA
1940; 11,000,000,000 ;400;268;5;4;ADA
1941; 5,900,000,000 ;176;160;3;2;ADA
1942; 8,000,000,000 ;284;555;4;5;ADA
1943; 4,000,000,000 ;217;164;3;3;ADA
1944; 1,300,000,000 ;110;62;3;3;ADA
1945; 1,230,000,000 ;65;60;2;2;TIDAK ADA
1946; 1,200,000,000 ;60;65;2;2;ADA
1947; 38,000,000,000 ;1000;316;5;5;ADA
1948; 4,500,000,000 ;300;567;3;2;ADA
1949; 6,000,000,000 ;120;347;4;3;ADA
1950; 25,000,000,000 ;1200;700;5;7;ADA
1951; 7,500,000,000 ;380;186;3;4;TIDAK ADA
1952; 7,000,000,000 ;300;200;3;3;TIDAK ADA
1953; 15,000,000,000 ;451;702;4;4;ADA
1954; 100,000,000,000 ;700;945;4;4;ADA
1955; 3,600,000,000 ;136;105;3;2;TIDAK ADA
1956; 6,500,000,000 ;330;210;4;4;TIDAK ADA
1957; 29,000,000,000 ;295;300;4;3;TIDAK ADA
1958; 95,000,000,000 ;600;3300;5;4;TIDAK ADA
1959; 28,000,000,000 ;837;404;4;4;TIDAK ADA
1960; 10,500,000,000 ;480;507;6;5;ADA
1961; 4,970,000,000 ;300;154;5;3;ADA
1962; 68,000,000,000 ;494;814;5;5;ADA
1963; 15,000,000,000 ;400;291;7;6;ADA
1964; 2,480,000,000 ;160;120;4;3;TIDAK ADA
1965; 13,500,000,000 ;400;380;5;4;ADA
1966; 11,000,000,000 ;350;378;4;1;ADA
1967; 2,190,000,000 ;125;111;3;2;ADA
1968; 4,350,000,000 ;220;105;3;3;ADA
1969; 7,800,000,000 ;300;206;4;4;ADA
1970; 30,000,000,000 ;400;458;4;4;TIDAK ADA
1971; 42,000,000,000 ;500;630;5;4;ADA
1972; 1,800,000,000 ;160;111;4;3;TIDAK ADA
1973; 3,900,000,000 ;250;360;5;3;TIDAK ADA
1974; 169,000,000,000 ;1024;2122;10;5;TIDAK ADA
1975; 7,500,000,000 ;305;220;4;4;TIDAK ADA
1976; 27,000,000,000 ;712;1752;3;2;ADA
1977; 6,800,000,000 ;262;210;4;3;ADA
1978; 10,500,000,000 ;378;300;4;3;TIDAK ADA
1979; 13,750,000,000 ;640;500;5;6;ADA
1980; 6,900,000,000 ;330;210;4;4;ADA
1981; 5,800,000,000 ;240;122;3;3;ADA
1982; 5,500,000,000 ;350;180;4;3;ADA
1983; 6,900,000,000 ;600;450;5;6;ADA
1984; 5,900,000,000 ;300;160;3;2;ADA
1985; 28,000,000,000 ;450;488;5;3;ADA
1986; 20,000,000,000 ;800;292;27;27;TIDAK ADA
1987; 77,500,000,000 ;1200;1148;8;6;ADA
1988; 3,250,000,000 ;140;105;3;3;ADA
1989; 1,600,000,000 ;160;229;3;2;TIDAK ADA
1990; 15,000,000,000 ;500;400;4;5;ADA
1991; 25,000,000,000 ;500;674;5;4;ADA
1992; 2,200,000,000 ;124;105;3;3;ADA
1993; 6,750,000,000 ;180;200;2;2;TIDAK ADA
1994; 3,600,000,000 ;180;136;3;2;TIDAK ADA
1995; 1,450,000,000 ;130;76;3;3;TIDAK ADA
1996; 6,400,000,000 ;310;235;5;4;ADA
1997; 1,750,000,000 ;130;133;3;3;ADA
1998; 6,750,000,000 ;337;187;6;4;ADA
1999; 85,000,000,000 ;1200;1180;5;6;ADA
2000; 65,000,000,000 ;1200;472;5;5;ADA
2001; 21,000,000,000 ;800;321;5;6;ADA
2002; 4,500,000,000 ;350;972;4;3;ADA
2003; 1,530,000,000 ;107;78;3;3;TIDAK ADA
2004; 3,500,000,000 ;215;169;4;4;ADA
2005; 1,100,000,000 ;100;65;3;3;ADA
2006; 3,700,000,000 ;350;540;4;2;ADA
2007; 16,000,000,000 ;550;488;6;5;ADA
2008; 4,500,000,000 ;270;209;4;4;ADA
2009; 29,000,000,000 ;400;692;4;3;TIDAK ADA
2010; 1,700,000,000 ;140;102;4;3;TIDAK ADA
2011; 1,250,000,000 ;110;63;3;3;TIDAK ADA
